,k1,k10,k11,k12,k13,k17,k18,k19,k2,k3,k5,k8,modified,fixed
0,0.02,1.0,0.01,0.01,1.0,100.0,50.0,200.0,1.0,0.01,1.0,1.0,k1,1
1,0.001,1.0,0.01,0.01,1.0,100.0,50.0,200.0,1.0,0.01,1.0,1.0,k1,1
2,0.0016681005372000592,1.0,0.01,0.01,1.0,100.0,50.0,200.0,1.0,0.01,1.0,1.0,k1,1
3,0.0027825594022071257,1.0,0.01,0.01,1.0,100.0,50.0,200.0,1.0,0.01,1.0,1.0,k1,1
4,0.004641588833612777,1.0,0.01,0.01,1.0,100.0,50.0,200.0,1.0,0.01,1.0,1.0,k1,1
5,0.007742636826811269,1.0,0.01,0.01,1.0,100.0,50.0,200.0,1.0,0.01,1.0,1.0,k1,1
6,0.01291549665014884,1.0,0.01,0.01,1.0,100.0,50.0,200.0,1.0,0.01,1.0,1.0,k1,1
7,0.021544346900318832,1.0,0.01,0.01,1.0,100.0,50.0,200.0,1.0,0.01,1.0,1.0,k1,1
8,0.03593813663804626,1.0,0.01,0.01,1.0,100.0,50.0,200.0,1.0,0.01,1.0,1.0,k1,1
9,0.05994842503189409,1.0,0.01,0.01,1.0,100.0,50.0,200.0,1.0,0.01,1.0,1.0,k1,1
10,0.1,1.0,0.01,0.01,1.0,100.0,50.0,200.0,1.0,0.01,1.0,1.0,k1,1
11,0.02,1.0,0.01,0.01,1.0,100.0,50.0,275.0,1.0,0.01,1.0,1.0,k1,1
12,0.001,1.0,0.01,0.01,1.0,100.0,50.0,275.0,1.0,0.01,1.0,1.0,k1,1
13,0.0016681005372000592,1.0,0.01,0.01,1.0,100.0,50.0,275.0,1.0,0.01,1.0,1.0,k1,1
14,0.0027825594022071257,1.0,0.01,0.01,1.0,100.0,50.0,275.0,1.0,0.01,1.0,1.0,k1,1
15,0.004641588833612777,1.0,0.01,0.01,1.0,100.0,50.0,275.0,1.0,0.01,1.0,1.0,k1,1
16,0.007742636826811269,1.0,0.01,0.01,1.0,100.0,50.0,275.0,1.0,0.01,1.0,1.0,k1,1
17,0.01291549665014884,1.0,0.01,0.01,1.0,100.0,50.0,275.0,1.0,0.01,1.0,1.0,k1,1
18,0.021544346900318832,1.0,0.01,0.01,1.0,100.0,50.0,275.0,1.0,0.01,1.0,1.0,k1,1
19,0.03593813663804626,1.0,0.01,0.01,1.0,100.0,50.0,275.0,1.0,0.01,1.0,1.0,k1,1
20,0.05994842503189409,1.0,0.01,0.01,1.0,100.0,50.0,275.0,1.0,0.01,1.0,1.0,k1,1
21,0.1,1.0,0.01,0.01,1.0,100.0,50.0,275.0,1.0,0.01,1.0,1.0,k1,1
22,0.02,1.0,0.01,0.01,1.0,100.0,50.0,350.0,1.0,0.01,1.0,1.0,k1,1
23,0.001,1.0,0.01,0.01,1.0,100.0,50.0,350.0,1.0,0.01,1.0,1.0,k1,1
24,0.0016681005372000592,1.0,0.01,0.01,1.0,100.0,50.0,350.0,1.0,0.01,1.0,1.0,k1,1
25,0.0027825594022071257,1.0,0.01,0.01,1.0,100.0,50.0,350.0,1.0,0.01,1.0,1.0,k1,1
26,0.004641588833612777,1.0,0.01,0.01,1.0,100.0,50.0,350.0,1.0,0.01,1.0,1.0,k1,1
27,0.007742636826811269,1.0,0.01,0.01,1.0,100.0,50.0,350.0,1.0,0.01,1.0,1.0,k1,1
28,0.01291549665014884,1.0,0.01,0.01,1.0,100.0,50.0,350.0,1.0,0.01,1.0,1.0,k1,1
29,0.021544346900318832,1.0,0.01,0.01,1.0,100.0,50.0,350.0,1.0,0.01,1.0,1.0,k1,1
30,0.03593813663804626,1.0,0.01,0.01,1.0,100.0,50.0,350.0,1.0,0.01,1.0,1.0,k1,1
31,0.05994842503189409,1.0,0.01,0.01,1.0,100.0,50.0,350.0,1.0,0.01,1.0,1.0,k1,0
32,0.1,1.0,0.01,0.01,1.0,100.0,50.0,350.0,1.0,0.01,1.0,1.0,k1,1
33,0.02,1.0,0.01,0.01,1.0,100.0,50.0,425.0,1.0,0.01,1.0,1.0,k1,2
34,0.001,1.0,0.01,0.01,1.0,100.0,50.0,425.0,1.0,0.01,1.0,1.0,k1,1
35,0.0016681005372000592,1.0,0.01,0.01,1.0,100.0,50.0,425.0,1.0,0.01,1.0,1.0,k1,1
36,0.0027825594022071257,1.0,0.01,0.01,1.0,100.0,50.0,425.0,1.0,0.01,1.0,1.0,k1,1
37,0.004641588833612777,1.0,0.01,0.01,1.0,100.0,50.0,425.0,1.0,0.01,1.0,1.0,k1,1
38,0.007742636826811269,1.0,0.01,0.01,1.0,100.0,50.0,425.0,1.0,0.01,1.0,1.0,k1,1
39,0.01291549665014884,1.0,0.01,0.01,1.0,100.0,50.0,425.0,1.0,0.01,1.0,1.0,k1,3
40,0.021544346900318832,1.0,0.01,0.01,1.0,100.0,50.0,425.0,1.0,0.01,1.0,1.0,k1,3
41,0.03593813663804626,1.0,0.01,0.01,1.0,100.0,50.0,425.0,1.0,0.01,1.0,1.0,k1,3
42,0.05994842503189409,1.0,0.01,0.01,1.0,100.0,50.0,425.0,1.0,0.01,1.0,1.0,k1,3
43,0.1,1.0,0.01,0.01,1.0,100.0,50.0,425.0,1.0,0.01,1.0,1.0,k1,3
44,0.02,1.0,0.01,0.01,1.0,100.0,50.0,500.0,1.0,0.01,1.0,1.0,k1,3
45,0.001,1.0,0.01,0.01,1.0,100.0,50.0,500.0,1.0,0.01,1.0,1.0,k1,1
46,0.0016681005372000592,1.0,0.01,0.01,1.0,100.0,50.0,500.0,1.0,0.01,1.0,1.0,k1,0
47,0.0027825594022071257,1.0,0.01,0.01,1.0,100.0,50.0,500.0,1.0,0.01,1.0,1.0,k1,1
48,0.004641588833612777,1.0,0.01,0.01,1.0,100.0,50.0,500.0,1.0,0.01,1.0,1.0,k1,1
49,0.007742636826811269,1.0,0.01,0.01,1.0,100.0,50.0,500.0,1.0,0.01,1.0,1.0,k1,1
50,0.01291549665014884,1.0,0.01,0.01,1.0,100.0,50.0,500.0,1.0,0.01,1.0,1.0,k1,3
51,0.021544346900318832,1.0,0.01,0.01,1.0,100.0,50.0,500.0,1.0,0.01,1.0,1.0,k1,3
52,0.03593813663804626,1.0,0.01,0.01,1.0,100.0,50.0,500.0,1.0,0.01,1.0,1.0,k1,3
53,0.05994842503189409,1.0,0.01,0.01,1.0,100.0,50.0,500.0,1.0,0.01,1.0,1.0,k1,3
54,0.1,1.0,0.01,0.01,1.0,100.0,50.0,500.0,1.0,0.01,1.0,1.0,k1,3
55,0.02,1.0,0.01,0.01,1.0,100.0,50.0,200.0,1.0,0.01,1.0,1.0,k2,1
56,0.02,1.0,0.01,0.01,1.0,100.0,50.0,200.0,0.1,0.01,1.0,1.0,k2,1
57,0.02,1.0,0.01,0.01,1.0,100.0,50.0,200.0,0.16681005372000587,0.01,1.0,1.0,k2,1
58,0.02,1.0,0.01,0.01,1.0,100.0,50.0,200.0,0.2782559402207124,0.01,1.0,1.0,k2,1
59,0.02,1.0,0.01,0.01,1.0,100.0,50.0,200.0,0.46415888336127786,0.01,1.0,1.0,k2,1
60,0.02,1.0,0.01,0.01,1.0,100.0,50.0,200.0,0.774263682681127,0.01,1.0,1.0,k2,1
61,0.02,1.0,0.01,0.01,1.0,100.0,50.0,200.0,1.291549665014884,0.01,1.0,1.0,k2,1
62,0.02,1.0,0.01,0.01,1.0,100.0,50.0,200.0,2.1544346900318834,0.01,1.0,1.0,k2,1
63,0.02,1.0,0.01,0.01,1.0,100.0,50.0,200.0,3.593813663804626,0.01,1.0,1.0,k2,1
64,0.02,1.0,0.01,0.01,1.0,100.0,50.0,200.0,5.994842503189409,0.01,1.0,1.0,k2,1
65,0.02,1.0,0.01,0.01,1.0,100.0,50.0,200.0,10.0,0.01,1.0,1.0,k2,1
66,0.02,1.0,0.01,0.01,1.0,100.0,50.0,275.0,1.0,0.01,1.0,1.0,k2,1
67,0.02,1.0,0.01,0.01,1.0,100.0,50.0,275.0,0.1,0.01,1.0,1.0,k2,1
68,0.02,1.0,0.01,0.01,1.0,100.0,50.0,275.0,0.16681005372000587,0.01,1.0,1.0,k2,1
69,0.02,1.0,0.01,0.01,1.0,100.0,50.0,275.0,0.2782559402207124,0.01,1.0,1.0,k2,1
70,0.02,1.0,0.01,0.01,1.0,100.0,50.0,275.0,0.46415888336127786,0.01,1.0,1.0,k2,1
71,0.02,1.0,0.01,0.01,1.0,100.0,50.0,275.0,0.774263682681127,0.01,1.0,1.0,k2,1
72,0.02,1.0,0.01,0.01,1.0,100.0,50.0,275.0,1.291549665014884,0.01,1.0,1.0,k2,1
73,0.02,1.0,0.01,0.01,1.0,100.0,50.0,275.0,2.1544346900318834,0.01,1.0,1.0,k2,1
74,0.02,1.0,0.01,0.01,1.0,100.0,50.0,275.0,3.593813663804626,0.01,1.0,1.0,k2,1
75,0.02,1.0,0.01,0.01,1.0,100.0,50.0,275.0,5.994842503189409,0.01,1.0,1.0,k2,1
76,0.02,1.0,0.01,0.01,1.0,100.0,50.0,275.0,10.0,0.01,1.0,1.0,k2,1
77,0.02,1.0,0.01,0.01,1.0,100.0,50.0,350.0,1.0,0.01,1.0,1.0,k2,1
78,0.02,1.0,0.01,0.01,1.0,100.0,50.0,350.0,0.1,0.01,1.0,1.0,k2,1
79,0.02,1.0,0.01,0.01,1.0,100.0,50.0,350.0,0.16681005372000587,0.01,1.0,1.0,k2,1
80,0.02,1.0,0.01,0.01,1.0,100.0,50.0,350.0,0.2782559402207124,0.01,1.0,1.0,k2,1
81,0.02,1.0,0.01,0.01,1.0,100.0,50.0,350.0,0.46415888336127786,0.01,1.0,1.0,k2,1
82,0.02,1.0,0.01,0.01,1.0,100.0,50.0,350.0,0.774263682681127,0.01,1.0,1.0,k2,1
83,0.02,1.0,0.01,0.01,1.0,100.0,50.0,350.0,1.291549665014884,0.01,1.0,1.0,k2,1
84,0.02,1.0,0.01,0.01,1.0,100.0,50.0,350.0,2.1544346900318834,0.01,1.0,1.0,k2,1
85,0.02,1.0,0.01,0.01,1.0,100.0,50.0,350.0,3.593813663804626,0.01,1.0,1.0,k2,1
86,0.02,1.0,0.01,0.01,1.0,100.0,50.0,350.0,5.994842503189409,0.01,1.0,1.0,k2,1
87,0.02,1.0,0.01,0.01,1.0,100.0,50.0,350.0,10.0,0.01,1.0,1.0,k2,1
88,0.02,1.0,0.01,0.01,1.0,100.0,50.0,425.0,1.0,0.01,1.0,1.0,k2,3
89,0.02,1.0,0.01,0.01,1.0,100.0,50.0,425.0,0.1,0.01,1.0,1.0,k2,3
90,0.02,1.0,0.01,0.01,1.0,100.0,50.0,425.0,0.16681005372000587,0.01,1.0,1.0,k2,3
91,0.02,1.0,0.01,0.01,1.0,100.0,50.0,425.0,0.2782559402207124,0.01,1.0,1.0,k2,3
92,0.02,1.0,0.01,0.01,1.0,100.0,50.0,425.0,0.46415888336127786,0.01,1.0,1.0,k2,3
93,0.02,1.0,0.01,0.01,1.0,100.0,50.0,425.0,0.774263682681127,0.01,1.0,1.0,k2,3
94,0.02,1.0,0.01,0.01,1.0,100.0,50.0,425.0,1.291549665014884,0.01,1.0,1.0,k2,3
95,0.02,1.0,0.01,0.01,1.0,100.0,50.0,425.0,2.1544346900318834,0.01,1.0,1.0,k2,3
96,0.02,1.0,0.01,0.01,1.0,100.0,50.0,425.0,3.593813663804626,0.01,1.0,1.0,k2,1
97,0.02,1.0,0.01,0.01,1.0,100.0,50.0,425.0,5.994842503189409,0.01,1.0,1.0,k2,0
98,0.02,1.0,0.01,0.01,1.0,100.0,50.0,425.0,10.0,0.01,1.0,1.0,k2,1
99,0.02,1.0,0.01,0.01,1.0,100.0,50.0,500.0,1.0,0.01,1.0,1.0,k2,3
100,0.02,1.0,0.01,0.01,1.0,100.0,50.0,500.0,0.1,0.01,1.0,1.0,k2,3
101,0.02,1.0,0.01,0.01,1.0,100.0,50.0,500.0,0.16681005372000587,0.01,1.0,1.0,k2,3
102,0.02,1.0,0.01,0.01,1.0,100.0,50.0,500.0,0.2782559402207124,0.01,1.0,1.0,k2,3
103,0.02,1.0,0.01,0.01,1.0,100.0,50.0,500.0,0.46415888336127786,0.01,1.0,1.0,k2,3
104,0.02,1.0,0.01,0.01,1.0,100.0,50.0,500.0,0.774263682681127,0.01,1.0,1.0,k2,3
105,0.02,1.0,0.01,0.01,1.0,100.0,50.0,500.0,1.291549665014884,0.01,1.0,1.0,k2,3
106,0.02,1.0,0.01,0.01,1.0,100.0,50.0,500.0,2.1544346900318834,0.01,1.0,1.0,k2,1
107,0.02,1.0,0.01,0.01,1.0,100.0,50.0,500.0,3.593813663804626,0.01,1.0,1.0,k2,1
108,0.02,1.0,0.01,0.01,1.0,100.0,50.0,500.0,5.994842503189409,0.01,1.0,1.0,k2,1
109,0.02,1.0,0.01,0.01,1.0,100.0,50.0,500.0,10.0,0.01,1.0,1.0,k2,1
110,0.02,1.0,0.01,0.01,1.0,100.0,50.0,200.0,1.0,0.01,1.0,1.0,k3,1
111,0.02,1.0,0.01,0.01,1.0,100.0,50.0,200.0,1.0,0.001,1.0,1.0,k3,1
112,0.02,1.0,0.01,0.01,1.0,100.0,50.0,200.0,1.0,0.0016681005372000592,1.0,1.0,k3,1
113,0.02,1.0,0.01,0.01,1.0,100.0,50.0,200.0,1.0,0.0027825594022071257,1.0,1.0,k3,1
114,0.02,1.0,0.01,0.01,1.0,100.0,50.0,200.0,1.0,0.004641588833612777,1.0,1.0,k3,1
115,0.02,1.0,0.01,0.01,1.0,100.0,50.0,200.0,1.0,0.007742636826811269,1.0,1.0,k3,1
116,0.02,1.0,0.01,0.01,1.0,100.0,50.0,200.0,1.0,0.01291549665014884,1.0,1.0,k3,1
117,0.02,1.0,0.01,0.01,1.0,100.0,50.0,200.0,1.0,0.021544346900318832,1.0,1.0,k3,1
118,0.02,1.0,0.01,0.01,1.0,100.0,50.0,200.0,1.0,0.03593813663804626,1.0,1.0,k3,1
119,0.02,1.0,0.01,0.01,1.0,100.0,50.0,200.0,1.0,0.05994842503189409,1.0,1.0,k3,1
120,0.02,1.0,0.01,0.01,1.0,100.0,50.0,200.0,1.0,0.1,1.0,1.0,k3,1
121,0.02,1.0,0.01,0.01,1.0,100.0,50.0,275.0,1.0,0.01,1.0,1.0,k3,1
122,0.02,1.0,0.01,0.01,1.0,100.0,50.0,275.0,1.0,0.001,1.0,1.0,k3,1
123,0.02,1.0,0.01,0.01,1.0,100.0,50.0,275.0,1.0,0.0016681005372000592,1.0,1.0,k3,1
124,0.02,1.0,0.01,0.01,1.0,100.0,50.0,275.0,1.0,0.0027825594022071257,1.0,1.0,k3,1
125,0.02,1.0,0.01,0.01,1.0,100.0,50.0,275.0,1.0,0.004641588833612777,1.0,1.0,k3,1
126,0.02,1.0,0.01,0.01,1.0,100.0,50.0,275.0,1.0,0.007742636826811269,1.0,1.0,k3,1
127,0.02,1.0,0.01,0.01,1.0,100.0,50.0,275.0,1.0,0.01291549665014884,1.0,1.0,k3,1
128,0.02,1.0,0.01,0.01,1.0,100.0,50.0,275.0,1.0,0.021544346900318832,1.0,1.0,k3,1
129,0.02,1.0,0.01,0.01,1.0,100.0,50.0,275.0,1.0,0.03593813663804626,1.0,1.0,k3,1
130,0.02,1.0,0.01,0.01,1.0,100.0,50.0,275.0,1.0,0.05994842503189409,1.0,1.0,k3,1
131,0.02,1.0,0.01,0.01,1.0,100.0,50.0,275.0,1.0,0.1,1.0,1.0,k3,1
132,0.02,1.0,0.01,0.01,1.0,100.0,50.0,350.0,1.0,0.01,1.0,1.0,k3,1
133,0.02,1.0,0.01,0.01,1.0,100.0,50.0,350.0,1.0,0.001,1.0,1.0,k3,1
134,0.02,1.0,0.01,0.01,1.0,100.0,50.0,350.0,1.0,0.0016681005372000592,1.0,1.0,k3,1
135,0.02,1.0,0.01,0.01,1.0,100.0,50.0,350.0,1.0,0.0027825594022071257,1.0,1.0,k3,1
136,0.02,1.0,0.01,0.01,1.0,100.0,50.0,350.0,1.0,0.004641588833612777,1.0,1.0,k3,1
137,0.02,1.0,0.01,0.01,1.0,100.0,50.0,350.0,1.0,0.007742636826811269,1.0,1.0,k3,1
138,0.02,1.0,0.01,0.01,1.0,100.0,50.0,350.0,1.0,0.01291549665014884,1.0,1.0,k3,3
139,0.02,1.0,0.01,0.01,1.0,100.0,50.0,350.0,1.0,0.021544346900318832,1.0,1.0,k3,1
140,0.02,1.0,0.01,0.01,1.0,100.0,50.0,350.0,1.0,0.03593813663804626,1.0,1.0,k3,1
141,0.02,1.0,0.01,0.01,1.0,100.0,50.0,350.0,1.0,0.05994842503189409,1.0,1.0,k3,1
142,0.02,1.0,0.01,0.01,1.0,100.0,50.0,350.0,1.0,0.1,1.0,1.0,k3,1
143,0.02,1.0,0.01,0.01,1.0,100.0,50.0,425.0,1.0,0.01,1.0,1.0,k3,3
144,0.02,1.0,0.01,0.01,1.0,100.0,50.0,425.0,1.0,0.001,1.0,1.0,k3,1
145,0.02,1.0,0.01,0.01,1.0,100.0,50.0,425.0,1.0,0.0016681005372000592,1.0,1.0,k3,1
146,0.02,1.0,0.01,0.01,1.0,100.0,50.0,425.0,1.0,0.0027825594022071257,1.0,1.0,k3,1
147,0.02,1.0,0.01,0.01,1.0,100.0,50.0,425.0,1.0,0.004641588833612777,1.0,1.0,k3,1
148,0.02,1.0,0.01,0.01,1.0,100.0,50.0,425.0,1.0,0.007742636826811269,1.0,1.0,k3,1
149,0.02,1.0,0.01,0.01,1.0,100.0,50.0,425.0,1.0,0.01291549665014884,1.0,1.0,k3,3
150,0.02,1.0,0.01,0.01,1.0,100.0,50.0,425.0,1.0,0.021544346900318832,1.0,1.0,k3,1
151,0.02,1.0,0.01,0.01,1.0,100.0,50.0,425.0,1.0,0.03593813663804626,1.0,1.0,k3,1
152,0.02,1.0,0.01,0.01,1.0,100.0,50.0,425.0,1.0,0.05994842503189409,1.0,1.0,k3,1
153,0.02,1.0,0.01,0.01,1.0,100.0,50.0,425.0,1.0,0.1,1.0,1.0,k3,1
154,0.02,1.0,0.01,0.01,1.0,100.0,50.0,500.0,1.0,0.01,1.0,1.0,k3,3
155,0.02,1.0,0.01,0.01,1.0,100.0,50.0,500.0,1.0,0.001,1.0,1.0,k3,1
156,0.02,1.0,0.01,0.01,1.0,100.0,50.0,500.0,1.0,0.0016681005372000592,1.0,1.0,k3,1
157,0.02,1.0,0.01,0.01,1.0,100.0,50.0,500.0,1.0,0.0027825594022071257,1.0,1.0,k3,1
158,0.02,1.0,0.01,0.01,1.0,100.0,50.0,500.0,1.0,0.004641588833612777,1.0,1.0,k3,1
159,0.02,1.0,0.01,0.01,1.0,100.0,50.0,500.0,1.0,0.007742636826811269,1.0,1.0,k3,1
160,0.02,1.0,0.01,0.01,1.0,100.0,50.0,500.0,1.0,0.01291549665014884,1.0,1.0,k3,3
161,0.02,1.0,0.01,0.01,1.0,100.0,50.0,500.0,1.0,0.021544346900318832,1.0,1.0,k3,1
162,0.02,1.0,0.01,0.01,1.0,100.0,50.0,500.0,1.0,0.03593813663804626,1.0,1.0,k3,1
163,0.02,1.0,0.01,0.01,1.0,100.0,50.0,500.0,1.0,0.05994842503189409,1.0,1.0,k3,1
164,0.02,1.0,0.01,0.01,1.0,100.0,50.0,500.0,1.0,0.1,1.0,1.0,k3,1
165,0.02,1.0,0.01,0.01,1.0,100.0,50.0,200.0,1.0,0.01,1.0,1.0,k5,1
166,0.02,1.0,0.01,0.01,1.0,100.0,50.0,200.0,1.0,0.01,0.1,1.0,k5,1
167,0.02,1.0,0.01,0.01,1.0,100.0,50.0,200.0,1.0,0.01,0.16681005372000587,1.0,k5,1
168,0.02,1.0,0.01,0.01,1.0,100.0,50.0,200.0,1.0,0.01,0.2782559402207124,1.0,k5,1
169,0.02,1.0,0.01,0.01,1.0,100.0,50.0,200.0,1.0,0.01,0.46415888336127786,1.0,k5,1
170,0.02,1.0,0.01,0.01,1.0,100.0,50.0,200.0,1.0,0.01,0.774263682681127,1.0,k5,1
171,0.02,1.0,0.01,0.01,1.0,100.0,50.0,200.0,1.0,0.01,1.291549665014884,1.0,k5,1
172,0.02,1.0,0.01,0.01,1.0,100.0,50.0,200.0,1.0,0.01,2.1544346900318834,1.0,k5,1
173,0.02,1.0,0.01,0.01,1.0,100.0,50.0,200.0,1.0,0.01,3.593813663804626,1.0,k5,1
174,0.02,1.0,0.01,0.01,1.0,100.0,50.0,200.0,1.0,0.01,5.994842503189409,1.0,k5,1
175,0.02,1.0,0.01,0.01,1.0,100.0,50.0,200.0,1.0,0.01,10.0,1.0,k5,1
176,0.02,1.0,0.01,0.01,1.0,100.0,50.0,275.0,1.0,0.01,1.0,1.0,k5,1
177,0.02,1.0,0.01,0.01,1.0,100.0,50.0,275.0,1.0,0.01,0.1,1.0,k5,1
178,0.02,1.0,0.01,0.01,1.0,100.0,50.0,275.0,1.0,0.01,0.16681005372000587,1.0,k5,1
179,0.02,1.0,0.01,0.01,1.0,100.0,50.0,275.0,1.0,0.01,0.2782559402207124,1.0,k5,1
180,0.02,1.0,0.01,0.01,1.0,100.0,50.0,275.0,1.0,0.01,0.46415888336127786,1.0,k5,1
181,0.02,1.0,0.01,0.01,1.0,100.0,50.0,275.0,1.0,0.01,0.774263682681127,1.0,k5,1
182,0.02,1.0,0.01,0.01,1.0,100.0,50.0,275.0,1.0,0.01,1.291549665014884,1.0,k5,1
183,0.02,1.0,0.01,0.01,1.0,100.0,50.0,275.0,1.0,0.01,2.1544346900318834,1.0,k5,1
184,0.02,1.0,0.01,0.01,1.0,100.0,50.0,275.0,1.0,0.01,3.593813663804626,1.0,k5,1
185,0.02,1.0,0.01,0.01,1.0,100.0,50.0,275.0,1.0,0.01,5.994842503189409,1.0,k5,1
186,0.02,1.0,0.01,0.01,1.0,100.0,50.0,275.0,1.0,0.01,10.0,1.0,k5,1
187,0.02,1.0,0.01,0.01,1.0,100.0,50.0,350.0,1.0,0.01,1.0,1.0,k5,1
188,0.02,1.0,0.01,0.01,1.0,100.0,50.0,350.0,1.0,0.01,0.1,1.0,k5,1
189,0.02,1.0,0.01,0.01,1.0,100.0,50.0,350.0,1.0,0.01,0.16681005372000587,1.0,k5,1
190,0.02,1.0,0.01,0.01,1.0,100.0,50.0,350.0,1.0,0.01,0.2782559402207124,1.0,k5,1
191,0.02,1.0,0.01,0.01,1.0,100.0,50.0,350.0,1.0,0.01,0.46415888336127786,1.0,k5,1
192,0.02,1.0,0.01,0.01,1.0,100.0,50.0,350.0,1.0,0.01,0.774263682681127,1.0,k5,1
193,0.02,1.0,0.01,0.01,1.0,100.0,50.0,350.0,1.0,0.01,1.291549665014884,1.0,k5,1
194,0.02,1.0,0.01,0.01,1.0,100.0,50.0,350.0,1.0,0.01,2.1544346900318834,1.0,k5,1
195,0.02,1.0,0.01,0.01,1.0,100.0,50.0,350.0,1.0,0.01,3.593813663804626,1.0,k5,1
196,0.02,1.0,0.01,0.01,1.0,100.0,50.0,350.0,1.0,0.01,5.994842503189409,1.0,k5,1
197,0.02,1.0,0.01,0.01,1.0,100.0,50.0,350.0,1.0,0.01,10.0,1.0,k5,1
198,0.02,1.0,0.01,0.01,1.0,100.0,50.0,425.0,1.0,0.01,1.0,1.0,k5,3
199,0.02,1.0,0.01,0.01,1.0,100.0,50.0,425.0,1.0,0.01,0.1,1.0,k5,3
200,0.02,1.0,0.01,0.01,1.0,100.0,50.0,425.0,1.0,0.01,0.16681005372000587,1.0,k5,3
201,0.02,1.0,0.01,0.01,1.0,100.0,50.0,425.0,1.0,0.01,0.2782559402207124,1.0,k5,3
202,0.02,1.0,0.01,0.01,1.0,100.0,50.0,425.0,1.0,0.01,0.46415888336127786,1.0,k5,3
203,0.02,1.0,0.01,0.01,1.0,100.0,50.0,425.0,1.0,0.01,0.774263682681127,1.0,k5,3
204,0.02,1.0,0.01,0.01,1.0,100.0,50.0,425.0,1.0,0.01,1.291549665014884,1.0,k5,3
205,0.02,1.0,0.01,0.01,1.0,100.0,50.0,425.0,1.0,0.01,2.1544346900318834,1.0,k5,1
206,0.02,1.0,0.01,0.01,1.0,100.0,50.0,425.0,1.0,0.01,3.593813663804626,1.0,k5,1
207,0.02,1.0,0.01,0.01,1.0,100.0,50.0,425.0,1.0,0.01,5.994842503189409,1.0,k5,1
208,0.02,1.0,0.01,0.01,1.0,100.0,50.0,425.0,1.0,0.01,10.0,1.0,k5,1
209,0.02,1.0,0.01,0.01,1.0,100.0,50.0,500.0,1.0,0.01,1.0,1.0,k5,3
210,0.02,1.0,0.01,0.01,1.0,100.0,50.0,500.0,1.0,0.01,0.1,1.0,k5,3
211,0.02,1.0,0.01,0.01,1.0,100.0,50.0,500.0,1.0,0.01,0.16681005372000587,1.0,k5,3
212,0.02,1.0,0.01,0.01,1.0,100.0,50.0,500.0,1.0,0.01,0.2782559402207124,1.0,k5,3
213,0.02,1.0,0.01,0.01,1.0,100.0,50.0,500.0,1.0,0.01,0.46415888336127786,1.0,k5,2
214,0.02,1.0,0.01,0.01,1.0,100.0,50.0,500.0,1.0,0.01,0.774263682681127,1.0,k5,3
215,0.02,1.0,0.01,0.01,1.0,100.0,50.0,500.0,1.0,0.01,1.291549665014884,1.0,k5,3
216,0.02,1.0,0.01,0.01,1.0,100.0,50.0,500.0,1.0,0.01,2.1544346900318834,1.0,k5,3
217,0.02,1.0,0.01,0.01,1.0,100.0,50.0,500.0,1.0,0.01,3.593813663804626,1.0,k5,3
218,0.02,1.0,0.01,0.01,1.0,100.0,50.0,500.0,1.0,0.01,5.994842503189409,1.0,k5,1
219,0.02,1.0,0.01,0.01,1.0,100.0,50.0,500.0,1.0,0.01,10.0,1.0,k5,1
220,0.02,1.0,0.01,0.01,1.0,100.0,50.0,200.0,1.0,0.01,1.0,1.0,k8,1
221,0.02,1.0,0.01,0.01,1.0,100.0,50.0,200.0,1.0,0.01,1.0,0.1,k8,3
222,0.02,1.0,0.01,0.01,1.0,100.0,50.0,200.0,1.0,0.01,1.0,0.16681005372000587,k8,1
223,0.02,1.0,0.01,0.01,1.0,100.0,50.0,200.0,1.0,0.01,1.0,0.2782559402207124,k8,1
224,0.02,1.0,0.01,0.01,1.0,100.0,50.0,200.0,1.0,0.01,1.0,0.46415888336127786,k8,1
225,0.02,1.0,0.01,0.01,1.0,100.0,50.0,200.0,1.0,0.01,1.0,0.774263682681127,k8,1
226,0.02,1.0,0.01,0.01,1.0,100.0,50.0,200.0,1.0,0.01,1.0,1.291549665014884,k8,1
227,0.02,1.0,0.01,0.01,1.0,100.0,50.0,200.0,1.0,0.01,1.0,2.1544346900318834,k8,1
228,0.02,1.0,0.01,0.01,1.0,100.0,50.0,200.0,1.0,0.01,1.0,3.593813663804626,k8,1
229,0.02,1.0,0.01,0.01,1.0,100.0,50.0,200.0,1.0,0.01,1.0,5.994842503189409,k8,1
230,0.02,1.0,0.01,0.01,1.0,100.0,50.0,200.0,1.0,0.01,1.0,10.0,k8,1
231,0.02,1.0,0.01,0.01,1.0,100.0,50.0,275.0,1.0,0.01,1.0,1.0,k8,1
232,0.02,1.0,0.01,0.01,1.0,100.0,50.0,275.0,1.0,0.01,1.0,0.1,k8,3
233,0.02,1.0,0.01,0.01,1.0,100.0,50.0,275.0,1.0,0.01,1.0,0.16681005372000587,k8,3
234,0.02,1.0,0.01,0.01,1.0,100.0,50.0,275.0,1.0,0.01,1.0,0.2782559402207124,k8,3
235,0.02,1.0,0.01,0.01,1.0,100.0,50.0,275.0,1.0,0.01,1.0,0.46415888336127786,k8,1
236,0.02,1.0,0.01,0.01,1.0,100.0,50.0,275.0,1.0,0.01,1.0,0.774263682681127,k8,1
237,0.02,1.0,0.01,0.01,1.0,100.0,50.0,275.0,1.0,0.01,1.0,1.291549665014884,k8,1
238,0.02,1.0,0.01,0.01,1.0,100.0,50.0,275.0,1.0,0.01,1.0,2.1544346900318834,k8,1
239,0.02,1.0,0.01,0.01,1.0,100.0,50.0,275.0,1.0,0.01,1.0,3.593813663804626,k8,1
240,0.02,1.0,0.01,0.01,1.0,100.0,50.0,275.0,1.0,0.01,1.0,5.994842503189409,k8,1
241,0.02,1.0,0.01,0.01,1.0,100.0,50.0,275.0,1.0,0.01,1.0,10.0,k8,0
242,0.02,1.0,0.01,0.01,1.0,100.0,50.0,350.0,1.0,0.01,1.0,1.0,k8,1
243,0.02,1.0,0.01,0.01,1.0,100.0,50.0,350.0,1.0,0.01,1.0,0.1,k8,3
244,0.02,1.0,0.01,0.01,1.0,100.0,50.0,350.0,1.0,0.01,1.0,0.16681005372000587,k8,3
245,0.02,1.0,0.01,0.01,1.0,100.0,50.0,350.0,1.0,0.01,1.0,0.2782559402207124,k8,3
246,0.02,1.0,0.01,0.01,1.0,100.0,50.0,350.0,1.0,0.01,1.0,0.46415888336127786,k8,3
247,0.02,1.0,0.01,0.01,1.0,100.0,50.0,350.0,1.0,0.01,1.0,0.774263682681127,k8,1
248,0.02,1.0,0.01,0.01,1.0,100.0,50.0,350.0,1.0,0.01,1.0,1.291549665014884,k8,1
249,0.02,1.0,0.01,0.01,1.0,100.0,50.0,350.0,1.0,0.01,1.0,2.1544346900318834,k8,1
250,0.02,1.0,0.01,0.01,1.0,100.0,50.0,350.0,1.0,0.01,1.0,3.593813663804626,k8,1
251,0.02,1.0,0.01,0.01,1.0,100.0,50.0,350.0,1.0,0.01,1.0,5.994842503189409,k8,1
252,0.02,1.0,0.01,0.01,1.0,100.0,50.0,350.0,1.0,0.01,1.0,10.0,k8,1
253,0.02,1.0,0.01,0.01,1.0,100.0,50.0,425.0,1.0,0.01,1.0,1.0,k8,3
254,0.02,1.0,0.01,0.01,1.0,100.0,50.0,425.0,1.0,0.01,1.0,0.1,k8,3
255,0.02,1.0,0.01,0.01,1.0,100.0,50.0,425.0,1.0,0.01,1.0,0.16681005372000587,k8,3
256,0.02,1.0,0.01,0.01,1.0,100.0,50.0,425.0,1.0,0.01,1.0,0.2782559402207124,k8,3
257,0.02,1.0,0.01,0.01,1.0,100.0,50.0,425.0,1.0,0.01,1.0,0.46415888336127786,k8,3
258,0.02,1.0,0.01,0.01,1.0,100.0,50.0,425.0,1.0,0.01,1.0,0.774263682681127,k8,3
259,0.02,1.0,0.01,0.01,1.0,100.0,50.0,425.0,1.0,0.01,1.0,1.291549665014884,k8,1
260,0.02,1.0,0.01,0.01,1.0,100.0,50.0,425.0,1.0,0.01,1.0,2.1544346900318834,k8,1
261,0.02,1.0,0.01,0.01,1.0,100.0,50.0,425.0,1.0,0.01,1.0,3.593813663804626,k8,1
262,0.02,1.0,0.01,0.01,1.0,100.0,50.0,425.0,1.0,0.01,1.0,5.994842503189409,k8,1
263,0.02,1.0,0.01,0.01,1.0,100.0,50.0,425.0,1.0,0.01,1.0,10.0,k8,1
264,0.02,1.0,0.01,0.01,1.0,100.0,50.0,500.0,1.0,0.01,1.0,1.0,k8,3
265,0.02,1.0,0.01,0.01,1.0,100.0,50.0,500.0,1.0,0.01,1.0,0.1,k8,3
266,0.02,1.0,0.01,0.01,1.0,100.0,50.0,500.0,1.0,0.01,1.0,0.16681005372000587,k8,3
267,0.02,1.0,0.01,0.01,1.0,100.0,50.0,500.0,1.0,0.01,1.0,0.2782559402207124,k8,3
268,0.02,1.0,0.01,0.01,1.0,100.0,50.0,500.0,1.0,0.01,1.0,0.46415888336127786,k8,3
269,0.02,1.0,0.01,0.01,1.0,100.0,50.0,500.0,1.0,0.01,1.0,0.774263682681127,k8,3
270,0.02,1.0,0.01,0.01,1.0,100.0,50.0,500.0,1.0,0.01,1.0,1.291549665014884,k8,3
271,0.02,1.0,0.01,0.01,1.0,100.0,50.0,500.0,1.0,0.01,1.0,2.1544346900318834,k8,1
272,0.02,1.0,0.01,0.01,1.0,100.0,50.0,500.0,1.0,0.01,1.0,3.593813663804626,k8,1
273,0.02,1.0,0.01,0.01,1.0,100.0,50.0,500.0,1.0,0.01,1.0,5.994842503189409,k8,1
274,0.02,1.0,0.01,0.01,1.0,100.0,50.0,500.0,1.0,0.01,1.0,10.0,k8,1
275,0.02,1.0,0.01,0.01,1.0,100.0,50.0,200.0,1.0,0.01,1.0,1.0,k10,1
276,0.02,0.1,0.01,0.01,1.0,100.0,50.0,200.0,1.0,0.01,1.0,1.0,k10,1
277,0.02,0.16681005372000587,0.01,0.01,1.0,100.0,50.0,200.0,1.0,0.01,1.0,1.0,k10,1
278,0.02,0.2782559402207124,0.01,0.01,1.0,100.0,50.0,200.0,1.0,0.01,1.0,1.0,k10,1
279,0.02,0.46415888336127786,0.01,0.01,1.0,100.0,50.0,200.0,1.0,0.01,1.0,1.0,k10,1
280,0.02,0.774263682681127,0.01,0.01,1.0,100.0,50.0,200.0,1.0,0.01,1.0,1.0,k10,1
281,0.02,1.291549665014884,0.01,0.01,1.0,100.0,50.0,200.0,1.0,0.01,1.0,1.0,k10,1
282,0.02,2.1544346900318834,0.01,0.01,1.0,100.0,50.0,200.0,1.0,0.01,1.0,1.0,k10,1
283,0.02,3.593813663804626,0.01,0.01,1.0,100.0,50.0,200.0,1.0,0.01,1.0,1.0,k10,1
284,0.02,5.994842503189409,0.01,0.01,1.0,100.0,50.0,200.0,1.0,0.01,1.0,1.0,k10,1
285,0.02,10.0,0.01,0.01,1.0,100.0,50.0,200.0,1.0,0.01,1.0,1.0,k10,1
286,0.02,1.0,0.01,0.01,1.0,100.0,50.0,275.0,1.0,0.01,1.0,1.0,k10,1
287,0.02,0.1,0.01,0.01,1.0,100.0,50.0,275.0,1.0,0.01,1.0,1.0,k10,1
288,0.02,0.16681005372000587,0.01,0.01,1.0,100.0,50.0,275.0,1.0,0.01,1.0,1.0,k10,3
289,0.02,0.2782559402207124,0.01,0.01,1.0,100.0,50.0,275.0,1.0,0.01,1.0,1.0,k10,1
290,0.02,0.46415888336127786,0.01,0.01,1.0,100.0,50.0,275.0,1.0,0.01,1.0,1.0,k10,1
291,0.02,0.774263682681127,0.01,0.01,1.0,100.0,50.0,275.0,1.0,0.01,1.0,1.0,k10,1
292,0.02,1.291549665014884,0.01,0.01,1.0,100.0,50.0,275.0,1.0,0.01,1.0,1.0,k10,1
293,0.02,2.1544346900318834,0.01,0.01,1.0,100.0,50.0,275.0,1.0,0.01,1.0,1.0,k10,1
294,0.02,3.593813663804626,0.01,0.01,1.0,100.0,50.0,275.0,1.0,0.01,1.0,1.0,k10,1
295,0.02,5.994842503189409,0.01,0.01,1.0,100.0,50.0,275.0,1.0,0.01,1.0,1.0,k10,1
296,0.02,10.0,0.01,0.01,1.0,100.0,50.0,275.0,1.0,0.01,1.0,1.0,k10,1
297,0.02,1.0,0.01,0.01,1.0,100.0,50.0,350.0,1.0,0.01,1.0,1.0,k10,1
298,0.02,0.1,0.01,0.01,1.0,100.0,50.0,350.0,1.0,0.01,1.0,1.0,k10,1
299,0.02,0.16681005372000587,0.01,0.01,1.0,100.0,50.0,350.0,1.0,0.01,1.0,1.0,k10,1
300,0.02,0.2782559402207124,0.01,0.01,1.0,100.0,50.0,350.0,1.0,0.01,1.0,1.0,k10,3
301,0.02,0.46415888336127786,0.01,0.01,1.0,100.0,50.0,350.0,1.0,0.01,1.0,1.0,k10,1
302,0.02,0.774263682681127,0.01,0.01,1.0,100.0,50.0,350.0,1.0,0.01,1.0,1.0,k10,1
303,0.02,1.291549665014884,0.01,0.01,1.0,100.0,50.0,350.0,1.0,0.01,1.0,1.0,k10,1
304,0.02,2.1544346900318834,0.01,0.01,1.0,100.0,50.0,350.0,1.0,0.01,1.0,1.0,k10,1
305,0.02,3.593813663804626,0.01,0.01,1.0,100.0,50.0,350.0,1.0,0.01,1.0,1.0,k10,1
306,0.02,5.994842503189409,0.01,0.01,1.0,100.0,50.0,350.0,1.0,0.01,1.0,1.0,k10,1
307,0.02,10.0,0.01,0.01,1.0,100.0,50.0,350.0,1.0,0.01,1.0,1.0,k10,1
308,0.02,1.0,0.01,0.01,1.0,100.0,50.0,425.0,1.0,0.01,1.0,1.0,k10,3
309,0.02,0.1,0.01,0.01,1.0,100.0,50.0,425.0,1.0,0.01,1.0,1.0,k10,1
310,0.02,0.16681005372000587,0.01,0.01,1.0,100.0,50.0,425.0,1.0,0.01,1.0,1.0,k10,1
311,0.02,0.2782559402207124,0.01,0.01,1.0,100.0,50.0,425.0,1.0,0.01,1.0,1.0,k10,3
312,0.02,0.46415888336127786,0.01,0.01,1.0,100.0,50.0,425.0,1.0,0.01,1.0,1.0,k10,0
313,0.02,0.774263682681127,0.01,0.01,1.0,100.0,50.0,425.0,1.0,0.01,1.0,1.0,k10,3
314,0.02,1.291549665014884,0.01,0.01,1.0,100.0,50.0,425.0,1.0,0.01,1.0,1.0,k10,3
315,0.02,2.1544346900318834,0.01,0.01,1.0,100.0,50.0,425.0,1.0,0.01,1.0,1.0,k10,1
316,0.02,3.593813663804626,0.01,0.01,1.0,100.0,50.0,425.0,1.0,0.01,1.0,1.0,k10,1
317,0.02,5.994842503189409,0.01,0.01,1.0,100.0,50.0,425.0,1.0,0.01,1.0,1.0,k10,1
318,0.02,10.0,0.01,0.01,1.0,100.0,50.0,425.0,1.0,0.01,1.0,1.0,k10,1
319,0.02,1.0,0.01,0.01,1.0,100.0,50.0,500.0,1.0,0.01,1.0,1.0,k10,3
320,0.02,0.1,0.01,0.01,1.0,100.0,50.0,500.0,1.0,0.01,1.0,1.0,k10,1
321,0.02,0.16681005372000587,0.01,0.01,1.0,100.0,50.0,500.0,1.0,0.01,1.0,1.0,k10,1
322,0.02,0.2782559402207124,0.01,0.01,1.0,100.0,50.0,500.0,1.0,0.01,1.0,1.0,k10,3
323,0.02,0.46415888336127786,0.01,0.01,1.0,100.0,50.0,500.0,1.0,0.01,1.0,1.0,k10,3
324,0.02,0.774263682681127,0.01,0.01,1.0,100.0,50.0,500.0,1.0,0.01,1.0,1.0,k10,3
325,0.02,1.291549665014884,0.01,0.01,1.0,100.0,50.0,500.0,1.0,0.01,1.0,1.0,k10,3
326,0.02,2.1544346900318834,0.01,0.01,1.0,100.0,50.0,500.0,1.0,0.01,1.0,1.0,k10,3
327,0.02,3.593813663804626,0.01,0.01,1.0,100.0,50.0,500.0,1.0,0.01,1.0,1.0,k10,1
328,0.02,5.994842503189409,0.01,0.01,1.0,100.0,50.0,500.0,1.0,0.01,1.0,1.0,k10,3
329,0.02,10.0,0.01,0.01,1.0,100.0,50.0,500.0,1.0,0.01,1.0,1.0,k10,2
330,0.02,1.0,0.01,0.01,1.0,100.0,50.0,200.0,1.0,0.01,1.0,1.0,k11,1
331,0.02,1.0,0.001,0.01,1.0,100.0,50.0,200.0,1.0,0.01,1.0,1.0,k11,1
332,0.02,1.0,0.0016681005372000592,0.01,1.0,100.0,50.0,200.0,1.0,0.01,1.0,1.0,k11,1
333,0.02,1.0,0.0027825594022071257,0.01,1.0,100.0,50.0,200.0,1.0,0.01,1.0,1.0,k11,1
334,0.02,1.0,0.004641588833612777,0.01,1.0,100.0,50.0,200.0,1.0,0.01,1.0,1.0,k11,1
335,0.02,1.0,0.007742636826811269,0.01,1.0,100.0,50.0,200.0,1.0,0.01,1.0,1.0,k11,1
336,0.02,1.0,0.01291549665014884,0.01,1.0,100.0,50.0,200.0,1.0,0.01,1.0,1.0,k11,1
337,0.02,1.0,0.021544346900318832,0.01,1.0,100.0,50.0,200.0,1.0,0.01,1.0,1.0,k11,1
338,0.02,1.0,0.03593813663804626,0.01,1.0,100.0,50.0,200.0,1.0,0.01,1.0,1.0,k11,1
339,0.02,1.0,0.05994842503189409,0.01,1.0,100.0,50.0,200.0,1.0,0.01,1.0,1.0,k11,1
340,0.02,1.0,0.1,0.01,1.0,100.0,50.0,200.0,1.0,0.01,1.0,1.0,k11,1
341,0.02,1.0,0.01,0.01,1.0,100.0,50.0,275.0,1.0,0.01,1.0,1.0,k11,1
342,0.02,1.0,0.001,0.01,1.0,100.0,50.0,275.0,1.0,0.01,1.0,1.0,k11,1
343,0.02,1.0,0.0016681005372000592,0.01,1.0,100.0,50.0,275.0,1.0,0.01,1.0,1.0,k11,1
344,0.02,1.0,0.0027825594022071257,0.01,1.0,100.0,50.0,275.0,1.0,0.01,1.0,1.0,k11,1
345,0.02,1.0,0.004641588833612777,0.01,1.0,100.0,50.0,275.0,1.0,0.01,1.0,1.0,k11,1
346,0.02,1.0,0.007742636826811269,0.01,1.0,100.0,50.0,275.0,1.0,0.01,1.0,1.0,k11,1
347,0.02,1.0,0.01291549665014884,0.01,1.0,100.0,50.0,275.0,1.0,0.01,1.0,1.0,k11,1
348,0.02,1.0,0.021544346900318832,0.01,1.0,100.0,50.0,275.0,1.0,0.01,1.0,1.0,k11,1
349,0.02,1.0,0.03593813663804626,0.01,1.0,100.0,50.0,275.0,1.0,0.01,1.0,1.0,k11,1
350,0.02,1.0,0.05994842503189409,0.01,1.0,100.0,50.0,275.0,1.0,0.01,1.0,1.0,k11,1
351,0.02,1.0,0.1,0.01,1.0,100.0,50.0,275.0,1.0,0.01,1.0,1.0,k11,1
352,0.02,1.0,0.01,0.01,1.0,100.0,50.0,350.0,1.0,0.01,1.0,1.0,k11,1
353,0.02,1.0,0.001,0.01,1.0,100.0,50.0,350.0,1.0,0.01,1.0,1.0,k11,1
354,0.02,1.0,0.0016681005372000592,0.01,1.0,100.0,50.0,350.0,1.0,0.01,1.0,1.0,k11,1
355,0.02,1.0,0.0027825594022071257,0.01,1.0,100.0,50.0,350.0,1.0,0.01,1.0,1.0,k11,1
356,0.02,1.0,0.004641588833612777,0.01,1.0,100.0,50.0,350.0,1.0,0.01,1.0,1.0,k11,1
357,0.02,1.0,0.007742636826811269,0.01,1.0,100.0,50.0,350.0,1.0,0.01,1.0,1.0,k11,1
358,0.02,1.0,0.01291549665014884,0.01,1.0,100.0,50.0,350.0,1.0,0.01,1.0,1.0,k11,1
359,0.02,1.0,0.021544346900318832,0.01,1.0,100.0,50.0,350.0,1.0,0.01,1.0,1.0,k11,1
360,0.02,1.0,0.03593813663804626,0.01,1.0,100.0,50.0,350.0,1.0,0.01,1.0,1.0,k11,1
361,0.02,1.0,0.05994842503189409,0.01,1.0,100.0,50.0,350.0,1.0,0.01,1.0,1.0,k11,1
362,0.02,1.0,0.1,0.01,1.0,100.0,50.0,350.0,1.0,0.01,1.0,1.0,k11,1
363,0.02,1.0,0.01,0.01,1.0,100.0,50.0,425.0,1.0,0.01,1.0,1.0,k11,3
364,0.02,1.0,0.001,0.01,1.0,100.0,50.0,425.0,1.0,0.01,1.0,1.0,k11,3
365,0.02,1.0,0.0016681005372000592,0.01,1.0,100.0,50.0,425.0,1.0,0.01,1.0,1.0,k11,3
366,0.02,1.0,0.0027825594022071257,0.01,1.0,100.0,50.0,425.0,1.0,0.01,1.0,1.0,k11,3
367,0.02,1.0,0.004641588833612777,0.01,1.0,100.0,50.0,425.0,1.0,0.01,1.0,1.0,k11,3
368,0.02,1.0,0.007742636826811269,0.01,1.0,100.0,50.0,425.0,1.0,0.01,1.0,1.0,k11,0
369,0.02,1.0,0.01291549665014884,0.01,1.0,100.0,50.0,425.0,1.0,0.01,1.0,1.0,k11,3
370,0.02,1.0,0.021544346900318832,0.01,1.0,100.0,50.0,425.0,1.0,0.01,1.0,1.0,k11,3
371,0.02,1.0,0.03593813663804626,0.01,1.0,100.0,50.0,425.0,1.0,0.01,1.0,1.0,k11,3
372,0.02,1.0,0.05994842503189409,0.01,1.0,100.0,50.0,425.0,1.0,0.01,1.0,1.0,k11,3
373,0.02,1.0,0.1,0.01,1.0,100.0,50.0,425.0,1.0,0.01,1.0,1.0,k11,3
374,0.02,1.0,0.01,0.01,1.0,100.0,50.0,500.0,1.0,0.01,1.0,1.0,k11,3
375,0.02,1.0,0.001,0.01,1.0,100.0,50.0,500.0,1.0,0.01,1.0,1.0,k11,3
376,0.02,1.0,0.0016681005372000592,0.01,1.0,100.0,50.0,500.0,1.0,0.01,1.0,1.0,k11,2
377,0.02,1.0,0.0027825594022071257,0.01,1.0,100.0,50.0,500.0,1.0,0.01,1.0,1.0,k11,3
378,0.02,1.0,0.004641588833612777,0.01,1.0,100.0,50.0,500.0,1.0,0.01,1.0,1.0,k11,3
379,0.02,1.0,0.007742636826811269,0.01,1.0,100.0,50.0,500.0,1.0,0.01,1.0,1.0,k11,3
380,0.02,1.0,0.01291549665014884,0.01,1.0,100.0,50.0,500.0,1.0,0.01,1.0,1.0,k11,3
381,0.02,1.0,0.021544346900318832,0.01,1.0,100.0,50.0,500.0,1.0,0.01,1.0,1.0,k11,3
382,0.02,1.0,0.03593813663804626,0.01,1.0,100.0,50.0,500.0,1.0,0.01,1.0,1.0,k11,3
383,0.02,1.0,0.05994842503189409,0.01,1.0,100.0,50.0,500.0,1.0,0.01,1.0,1.0,k11,3
384,0.02,1.0,0.1,0.01,1.0,100.0,50.0,500.0,1.0,0.01,1.0,1.0,k11,3
385,0.02,1.0,0.01,0.01,1.0,100.0,50.0,200.0,1.0,0.01,1.0,1.0,k12,1
386,0.02,1.0,0.01,0.001,1.0,100.0,50.0,200.0,1.0,0.01,1.0,1.0,k12,1
387,0.02,1.0,0.01,0.0016681005372000592,1.0,100.0,50.0,200.0,1.0,0.01,1.0,1.0,k12,1
388,0.02,1.0,0.01,0.0027825594022071257,1.0,100.0,50.0,200.0,1.0,0.01,1.0,1.0,k12,1
389,0.02,1.0,0.01,0.004641588833612777,1.0,100.0,50.0,200.0,1.0,0.01,1.0,1.0,k12,1
390,0.02,1.0,0.01,0.007742636826811269,1.0,100.0,50.0,200.0,1.0,0.01,1.0,1.0,k12,1
391,0.02,1.0,0.01,0.01291549665014884,1.0,100.0,50.0,200.0,1.0,0.01,1.0,1.0,k12,1
392,0.02,1.0,0.01,0.021544346900318832,1.0,100.0,50.0,200.0,1.0,0.01,1.0,1.0,k12,1
393,0.02,1.0,0.01,0.03593813663804626,1.0,100.0,50.0,200.0,1.0,0.01,1.0,1.0,k12,1
394,0.02,1.0,0.01,0.05994842503189409,1.0,100.0,50.0,200.0,1.0,0.01,1.0,1.0,k12,1
395,0.02,1.0,0.01,0.1,1.0,100.0,50.0,200.0,1.0,0.01,1.0,1.0,k12,1
396,0.02,1.0,0.01,0.01,1.0,100.0,50.0,275.0,1.0,0.01,1.0,1.0,k12,1
397,0.02,1.0,0.01,0.001,1.0,100.0,50.0,275.0,1.0,0.01,1.0,1.0,k12,1
398,0.02,1.0,0.01,0.0016681005372000592,1.0,100.0,50.0,275.0,1.0,0.01,1.0,1.0,k12,1
399,0.02,1.0,0.01,0.0027825594022071257,1.0,100.0,50.0,275.0,1.0,0.01,1.0,1.0,k12,1
400,0.02,1.0,0.01,0.004641588833612777,1.0,100.0,50.0,275.0,1.0,0.01,1.0,1.0,k12,1
401,0.02,1.0,0.01,0.007742636826811269,1.0,100.0,50.0,275.0,1.0,0.01,1.0,1.0,k12,1
402,0.02,1.0,0.01,0.01291549665014884,1.0,100.0,50.0,275.0,1.0,0.01,1.0,1.0,k12,1
403,0.02,1.0,0.01,0.021544346900318832,1.0,100.0,50.0,275.0,1.0,0.01,1.0,1.0,k12,1
404,0.02,1.0,0.01,0.03593813663804626,1.0,100.0,50.0,275.0,1.0,0.01,1.0,1.0,k12,1
405,0.02,1.0,0.01,0.05994842503189409,1.0,100.0,50.0,275.0,1.0,0.01,1.0,1.0,k12,1
406,0.02,1.0,0.01,0.1,1.0,100.0,50.0,275.0,1.0,0.01,1.0,1.0,k12,1
407,0.02,1.0,0.01,0.01,1.0,100.0,50.0,350.0,1.0,0.01,1.0,1.0,k12,1
408,0.02,1.0,0.01,0.001,1.0,100.0,50.0,350.0,1.0,0.01,1.0,1.0,k12,1
409,0.02,1.0,0.01,0.0016681005372000592,1.0,100.0,50.0,350.0,1.0,0.01,1.0,1.0,k12,1
410,0.02,1.0,0.01,0.0027825594022071257,1.0,100.0,50.0,350.0,1.0,0.01,1.0,1.0,k12,1
411,0.02,1.0,0.01,0.004641588833612777,1.0,100.0,50.0,350.0,1.0,0.01,1.0,1.0,k12,1
412,0.02,1.0,0.01,0.007742636826811269,1.0,100.0,50.0,350.0,1.0,0.01,1.0,1.0,k12,3
413,0.02,1.0,0.01,0.01291549665014884,1.0,100.0,50.0,350.0,1.0,0.01,1.0,1.0,k12,1
414,0.02,1.0,0.01,0.021544346900318832,1.0,100.0,50.0,350.0,1.0,0.01,1.0,1.0,k12,1
415,0.02,1.0,0.01,0.03593813663804626,1.0,100.0,50.0,350.0,1.0,0.01,1.0,1.0,k12,1
416,0.02,1.0,0.01,0.05994842503189409,1.0,100.0,50.0,350.0,1.0,0.01,1.0,1.0,k12,1
417,0.02,1.0,0.01,0.1,1.0,100.0,50.0,350.0,1.0,0.01,1.0,1.0,k12,1
418,0.02,1.0,0.01,0.01,1.0,100.0,50.0,425.0,1.0,0.01,1.0,1.0,k12,3
419,0.02,1.0,0.01,0.001,1.0,100.0,50.0,425.0,1.0,0.01,1.0,1.0,k12,1
420,0.02,1.0,0.01,0.0016681005372000592,1.0,100.0,50.0,425.0,1.0,0.01,1.0,1.0,k12,1
421,0.02,1.0,0.01,0.0027825594022071257,1.0,100.0,50.0,425.0,1.0,0.01,1.0,1.0,k12,1
422,0.02,1.0,0.01,0.004641588833612777,1.0,100.0,50.0,425.0,1.0,0.01,1.0,1.0,k12,1
423,0.02,1.0,0.01,0.007742636826811269,1.0,100.0,50.0,425.0,1.0,0.01,1.0,1.0,k12,3
424,0.02,1.0,0.01,0.01291549665014884,1.0,100.0,50.0,425.0,1.0,0.01,1.0,1.0,k12,1
425,0.02,1.0,0.01,0.021544346900318832,1.0,100.0,50.0,425.0,1.0,0.01,1.0,1.0,k12,1
426,0.02,1.0,0.01,0.03593813663804626,1.0,100.0,50.0,425.0,1.0,0.01,1.0,1.0,k12,1
427,0.02,1.0,0.01,0.05994842503189409,1.0,100.0,50.0,425.0,1.0,0.01,1.0,1.0,k12,1
428,0.02,1.0,0.01,0.1,1.0,100.0,50.0,425.0,1.0,0.01,1.0,1.0,k12,1
429,0.02,1.0,0.01,0.01,1.0,100.0,50.0,500.0,1.0,0.01,1.0,1.0,k12,3
430,0.02,1.0,0.01,0.001,1.0,100.0,50.0,500.0,1.0,0.01,1.0,1.0,k12,1
431,0.02,1.0,0.01,0.0016681005372000592,1.0,100.0,50.0,500.0,1.0,0.01,1.0,1.0,k12,1
432,0.02,1.0,0.01,0.0027825594022071257,1.0,100.0,50.0,500.0,1.0,0.01,1.0,1.0,k12,1
433,0.02,1.0,0.01,0.004641588833612777,1.0,100.0,50.0,500.0,1.0,0.01,1.0,1.0,k12,1
434,0.02,1.0,0.01,0.007742636826811269,1.0,100.0,50.0,500.0,1.0,0.01,1.0,1.0,k12,3
435,0.02,1.0,0.01,0.01291549665014884,1.0,100.0,50.0,500.0,1.0,0.01,1.0,1.0,k12,1
436,0.02,1.0,0.01,0.021544346900318832,1.0,100.0,50.0,500.0,1.0,0.01,1.0,1.0,k12,1
437,0.02,1.0,0.01,0.03593813663804626,1.0,100.0,50.0,500.0,1.0,0.01,1.0,1.0,k12,1
438,0.02,1.0,0.01,0.05994842503189409,1.0,100.0,50.0,500.0,1.0,0.01,1.0,1.0,k12,1
439,0.02,1.0,0.01,0.1,1.0,100.0,50.0,500.0,1.0,0.01,1.0,1.0,k12,1
440,0.02,1.0,0.01,0.01,1.0,100.0,50.0,200.0,1.0,0.01,1.0,1.0,k13,1
441,0.02,1.0,0.01,0.01,0.1,100.0,50.0,200.0,1.0,0.01,1.0,1.0,k13,1
442,0.02,1.0,0.01,0.01,0.16681005372000587,100.0,50.0,200.0,1.0,0.01,1.0,1.0,k13,1
443,0.02,1.0,0.01,0.01,0.2782559402207124,100.0,50.0,200.0,1.0,0.01,1.0,1.0,k13,1
444,0.02,1.0,0.01,0.01,0.46415888336127786,100.0,50.0,200.0,1.0,0.01,1.0,1.0,k13,1
445,0.02,1.0,0.01,0.01,0.774263682681127,100.0,50.0,200.0,1.0,0.01,1.0,1.0,k13,1
446,0.02,1.0,0.01,0.01,1.291549665014884,100.0,50.0,200.0,1.0,0.01,1.0,1.0,k13,1
447,0.02,1.0,0.01,0.01,2.1544346900318834,100.0,50.0,200.0,1.0,0.01,1.0,1.0,k13,1
448,0.02,1.0,0.01,0.01,3.593813663804626,100.0,50.0,200.0,1.0,0.01,1.0,1.0,k13,1
449,0.02,1.0,0.01,0.01,5.994842503189409,100.0,50.0,200.0,1.0,0.01,1.0,1.0,k13,1
450,0.02,1.0,0.01,0.01,10.0,100.0,50.0,200.0,1.0,0.01,1.0,1.0,k13,1
451,0.02,1.0,0.01,0.01,1.0,100.0,50.0,275.0,1.0,0.01,1.0,1.0,k13,1
452,0.02,1.0,0.01,0.01,0.1,100.0,50.0,275.0,1.0,0.01,1.0,1.0,k13,1
453,0.02,1.0,0.01,0.01,0.16681005372000587,100.0,50.0,275.0,1.0,0.01,1.0,1.0,k13,1
454,0.02,1.0,0.01,0.01,0.2782559402207124,100.0,50.0,275.0,1.0,0.01,1.0,1.0,k13,1
455,0.02,1.0,0.01,0.01,0.46415888336127786,100.0,50.0,275.0,1.0,0.01,1.0,1.0,k13,1
456,0.02,1.0,0.01,0.01,0.774263682681127,100.0,50.0,275.0,1.0,0.01,1.0,1.0,k13,1
457,0.02,1.0,0.01,0.01,1.291549665014884,100.0,50.0,275.0,1.0,0.01,1.0,1.0,k13,1
458,0.02,1.0,0.01,0.01,2.1544346900318834,100.0,50.0,275.0,1.0,0.01,1.0,1.0,k13,1
459,0.02,1.0,0.01,0.01,3.593813663804626,100.0,50.0,275.0,1.0,0.01,1.0,1.0,k13,1
460,0.02,1.0,0.01,0.01,5.994842503189409,100.0,50.0,275.0,1.0,0.01,1.0,1.0,k13,1
461,0.02,1.0,0.01,0.01,10.0,100.0,50.0,275.0,1.0,0.01,1.0,1.0,k13,1
462,0.02,1.0,0.01,0.01,1.0,100.0,50.0,350.0,1.0,0.01,1.0,1.0,k13,1
463,0.02,1.0,0.01,0.01,0.1,100.0,50.0,350.0,1.0,0.01,1.0,1.0,k13,1
464,0.02,1.0,0.01,0.01,0.16681005372000587,100.0,50.0,350.0,1.0,0.01,1.0,1.0,k13,1
465,0.02,1.0,0.01,0.01,0.2782559402207124,100.0,50.0,350.0,1.0,0.01,1.0,1.0,k13,1
466,0.02,1.0,0.01,0.01,0.46415888336127786,100.0,50.0,350.0,1.0,0.01,1.0,1.0,k13,1
467,0.02,1.0,0.01,0.01,0.774263682681127,100.0,50.0,350.0,1.0,0.01,1.0,1.0,k13,1
468,0.02,1.0,0.01,0.01,1.291549665014884,100.0,50.0,350.0,1.0,0.01,1.0,1.0,k13,1
469,0.02,1.0,0.01,0.01,2.1544346900318834,100.0,50.0,350.0,1.0,0.01,1.0,1.0,k13,1
470,0.02,1.0,0.01,0.01,3.593813663804626,100.0,50.0,350.0,1.0,0.01,1.0,1.0,k13,1
471,0.02,1.0,0.01,0.01,5.994842503189409,100.0,50.0,350.0,1.0,0.01,1.0,1.0,k13,1
472,0.02,1.0,0.01,0.01,10.0,100.0,50.0,350.0,1.0,0.01,1.0,1.0,k13,1
473,0.02,1.0,0.01,0.01,1.0,100.0,50.0,425.0,1.0,0.01,1.0,1.0,k13,3
474,0.02,1.0,0.01,0.01,0.1,100.0,50.0,425.0,1.0,0.01,1.0,1.0,k13,1
475,0.02,1.0,0.01,0.01,0.16681005372000587,100.0,50.0,425.0,1.0,0.01,1.0,1.0,k13,1
476,0.02,1.0,0.01,0.01,0.2782559402207124,100.0,50.0,425.0,1.0,0.01,1.0,1.0,k13,1
477,0.02,1.0,0.01,0.01,0.46415888336127786,100.0,50.0,425.0,1.0,0.01,1.0,1.0,k13,1
478,0.02,1.0,0.01,0.01,0.774263682681127,100.0,50.0,425.0,1.0,0.01,1.0,1.0,k13,1
479,0.02,1.0,0.01,0.01,1.291549665014884,100.0,50.0,425.0,1.0,0.01,1.0,1.0,k13,3
480,0.02,1.0,0.01,0.01,2.1544346900318834,100.0,50.0,425.0,1.0,0.01,1.0,1.0,k13,1
481,0.02,1.0,0.01,0.01,3.593813663804626,100.0,50.0,425.0,1.0,0.01,1.0,1.0,k13,1
482,0.02,1.0,0.01,0.01,5.994842503189409,100.0,50.0,425.0,1.0,0.01,1.0,1.0,k13,1
483,0.02,1.0,0.01,0.01,10.0,100.0,50.0,425.0,1.0,0.01,1.0,1.0,k13,1
484,0.02,1.0,0.01,0.01,1.0,100.0,50.0,500.0,1.0,0.01,1.0,1.0,k13,3
485,0.02,1.0,0.01,0.01,0.1,100.0,50.0,500.0,1.0,0.01,1.0,1.0,k13,1
486,0.02,1.0,0.01,0.01,0.16681005372000587,100.0,50.0,500.0,1.0,0.01,1.0,1.0,k13,1
487,0.02,1.0,0.01,0.01,0.2782559402207124,100.0,50.0,500.0,1.0,0.01,1.0,1.0,k13,1
488,0.02,1.0,0.01,0.01,0.46415888336127786,100.0,50.0,500.0,1.0,0.01,1.0,1.0,k13,1
489,0.02,1.0,0.01,0.01,0.774263682681127,100.0,50.0,500.0,1.0,0.01,1.0,1.0,k13,3
490,0.02,1.0,0.01,0.01,1.291549665014884,100.0,50.0,500.0,1.0,0.01,1.0,1.0,k13,3
491,0.02,1.0,0.01,0.01,2.1544346900318834,100.0,50.0,500.0,1.0,0.01,1.0,1.0,k13,1
492,0.02,1.0,0.01,0.01,3.593813663804626,100.0,50.0,500.0,1.0,0.01,1.0,1.0,k13,1
493,0.02,1.0,0.01,0.01,5.994842503189409,100.0,50.0,500.0,1.0,0.01,1.0,1.0,k13,1
494,0.02,1.0,0.01,0.01,10.0,100.0,50.0,500.0,1.0,0.01,1.0,1.0,k13,1
495,0.02,1.0,0.01,0.01,1.0,100.0,50.0,200.0,1.0,0.01,1.0,1.0,k17,1
496,0.02,1.0,0.01,0.01,1.0,10.0,50.0,200.0,1.0,0.01,1.0,1.0,k17,1
497,0.02,1.0,0.01,0.01,1.0,16.68100537200059,50.0,200.0,1.0,0.01,1.0,1.0,k17,1
498,0.02,1.0,0.01,0.01,1.0,27.825594022071243,50.0,200.0,1.0,0.01,1.0,1.0,k17,1
499,0.02,1.0,0.01,0.01,1.0,46.41588833612777,50.0,200.0,1.0,0.01,1.0,1.0,k17,1
500,0.02,1.0,0.01,0.01,1.0,77.4263682681127,50.0,200.0,1.0,0.01,1.0,1.0,k17,1
501,0.02,1.0,0.01,0.01,1.0,129.1549665014884,50.0,200.0,1.0,0.01,1.0,1.0,k17,1
502,0.02,1.0,0.01,0.01,1.0,215.44346900318823,50.0,200.0,1.0,0.01,1.0,1.0,k17,1
503,0.02,1.0,0.01,0.01,1.0,359.38136638046257,50.0,200.0,1.0,0.01,1.0,1.0,k17,1
504,0.02,1.0,0.01,0.01,1.0,599.4842503189409,50.0,200.0,1.0,0.01,1.0,1.0,k17,1
505,0.02,1.0,0.01,0.01,1.0,1000.0,50.0,200.0,1.0,0.01,1.0,1.0,k17,1
506,0.02,1.0,0.01,0.01,1.0,100.0,50.0,275.0,1.0,0.01,1.0,1.0,k17,1
507,0.02,1.0,0.01,0.01,1.0,10.0,50.0,275.0,1.0,0.01,1.0,1.0,k17,1
508,0.02,1.0,0.01,0.01,1.0,16.68100537200059,50.0,275.0,1.0,0.01,1.0,1.0,k17,1
509,0.02,1.0,0.01,0.01,1.0,27.825594022071243,50.0,275.0,1.0,0.01,1.0,1.0,k17,1
510,0.02,1.0,0.01,0.01,1.0,46.41588833612777,50.0,275.0,1.0,0.01,1.0,1.0,k17,1
511,0.02,1.0,0.01,0.01,1.0,77.4263682681127,50.0,275.0,1.0,0.01,1.0,1.0,k17,1
512,0.02,1.0,0.01,0.01,1.0,129.1549665014884,50.0,275.0,1.0,0.01,1.0,1.0,k17,1
513,0.02,1.0,0.01,0.01,1.0,215.44346900318823,50.0,275.0,1.0,0.01,1.0,1.0,k17,1
514,0.02,1.0,0.01,0.01,1.0,359.38136638046257,50.0,275.0,1.0,0.01,1.0,1.0,k17,1
515,0.02,1.0,0.01,0.01,1.0,599.4842503189409,50.0,275.0,1.0,0.01,1.0,1.0,k17,1
516,0.02,1.0,0.01,0.01,1.0,1000.0,50.0,275.0,1.0,0.01,1.0,1.0,k17,1
517,0.02,1.0,0.01,0.01,1.0,100.0,50.0,350.0,1.0,0.01,1.0,1.0,k17,1
518,0.02,1.0,0.01,0.01,1.0,10.0,50.0,350.0,1.0,0.01,1.0,1.0,k17,1
519,0.02,1.0,0.01,0.01,1.0,16.68100537200059,50.0,350.0,1.0,0.01,1.0,1.0,k17,1
520,0.02,1.0,0.01,0.01,1.0,27.825594022071243,50.0,350.0,1.0,0.01,1.0,1.0,k17,1
521,0.02,1.0,0.01,0.01,1.0,46.41588833612777,50.0,350.0,1.0,0.01,1.0,1.0,k17,1
522,0.02,1.0,0.01,0.01,1.0,77.4263682681127,50.0,350.0,1.0,0.01,1.0,1.0,k17,1
523,0.02,1.0,0.01,0.01,1.0,129.1549665014884,50.0,350.0,1.0,0.01,1.0,1.0,k17,1
524,0.02,1.0,0.01,0.01,1.0,215.44346900318823,50.0,350.0,1.0,0.01,1.0,1.0,k17,1
525,0.02,1.0,0.01,0.01,1.0,359.38136638046257,50.0,350.0,1.0,0.01,1.0,1.0,k17,1
526,0.02,1.0,0.01,0.01,1.0,599.4842503189409,50.0,350.0,1.0,0.01,1.0,1.0,k17,1
527,0.02,1.0,0.01,0.01,1.0,1000.0,50.0,350.0,1.0,0.01,1.0,1.0,k17,1
528,0.02,1.0,0.01,0.01,1.0,100.0,50.0,425.0,1.0,0.01,1.0,1.0,k17,3
529,0.02,1.0,0.01,0.01,1.0,10.0,50.0,425.0,1.0,0.01,1.0,1.0,k17,1
530,0.02,1.0,0.01,0.01,1.0,16.68100537200059,50.0,425.0,1.0,0.01,1.0,1.0,k17,1
531,0.02,1.0,0.01,0.01,1.0,27.825594022071243,50.0,425.0,1.0,0.01,1.0,1.0,k17,1
532,0.02,1.0,0.01,0.01,1.0,46.41588833612777,50.0,425.0,1.0,0.01,1.0,1.0,k17,1
533,0.02,1.0,0.01,0.01,1.0,77.4263682681127,50.0,425.0,1.0,0.01,1.0,1.0,k17,1
534,0.02,1.0,0.01,0.01,1.0,129.1549665014884,50.0,425.0,1.0,0.01,1.0,1.0,k17,1
535,0.02,1.0,0.01,0.01,1.0,215.44346900318823,50.0,425.0,1.0,0.01,1.0,1.0,k17,1
536,0.02,1.0,0.01,0.01,1.0,359.38136638046257,50.0,425.0,1.0,0.01,1.0,1.0,k17,1
537,0.02,1.0,0.01,0.01,1.0,599.4842503189409,50.0,425.0,1.0,0.01,1.0,1.0,k17,1
538,0.02,1.0,0.01,0.01,1.0,1000.0,50.0,425.0,1.0,0.01,1.0,1.0,k17,1
539,0.02,1.0,0.01,0.01,1.0,100.0,50.0,500.0,1.0,0.01,1.0,1.0,k17,3
540,0.02,1.0,0.01,0.01,1.0,10.0,50.0,500.0,1.0,0.01,1.0,1.0,k17,1
541,0.02,1.0,0.01,0.01,1.0,16.68100537200059,50.0,500.0,1.0,0.01,1.0,1.0,k17,1
542,0.02,1.0,0.01,0.01,1.0,27.825594022071243,50.0,500.0,1.0,0.01,1.0,1.0,k17,1
543,0.02,1.0,0.01,0.01,1.0,46.41588833612777,50.0,500.0,1.0,0.01,1.0,1.0,k17,1
544,0.02,1.0,0.01,0.01,1.0,77.4263682681127,50.0,500.0,1.0,0.01,1.0,1.0,k17,1
545,0.02,1.0,0.01,0.01,1.0,129.1549665014884,50.0,500.0,1.0,0.01,1.0,1.0,k17,1
546,0.02,1.0,0.01,0.01,1.0,215.44346900318823,50.0,500.0,1.0,0.01,1.0,1.0,k17,1
547,0.02,1.0,0.01,0.01,1.0,359.38136638046257,50.0,500.0,1.0,0.01,1.0,1.0,k17,1
548,0.02,1.0,0.01,0.01,1.0,599.4842503189409,50.0,500.0,1.0,0.01,1.0,1.0,k17,1
549,0.02,1.0,0.01,0.01,1.0,1000.0,50.0,500.0,1.0,0.01,1.0,1.0,k17,1
550,0.02,1.0,0.01,0.01,1.0,100.0,50.0,200.0,1.0,0.01,1.0,1.0,k18,1
551,0.02,1.0,0.01,0.01,1.0,100.0,10.0,200.0,1.0,0.01,1.0,1.0,k18,1
552,0.02,1.0,0.01,0.01,1.0,100.0,16.68100537200059,200.0,1.0,0.01,1.0,1.0,k18,1
553,0.02,1.0,0.01,0.01,1.0,100.0,27.825594022071243,200.0,1.0,0.01,1.0,1.0,k18,1
554,0.02,1.0,0.01,0.01,1.0,100.0,46.41588833612777,200.0,1.0,0.01,1.0,1.0,k18,1
555,0.02,1.0,0.01,0.01,1.0,100.0,77.4263682681127,200.0,1.0,0.01,1.0,1.0,k18,1
556,0.02,1.0,0.01,0.01,1.0,100.0,129.1549665014884,200.0,1.0,0.01,1.0,1.0,k18,1
557,0.02,1.0,0.01,0.01,1.0,100.0,215.44346900318823,200.0,1.0,0.01,1.0,1.0,k18,1
558,0.02,1.0,0.01,0.01,1.0,100.0,359.38136638046257,200.0,1.0,0.01,1.0,1.0,k18,1
559,0.02,1.0,0.01,0.01,1.0,100.0,599.4842503189409,200.0,1.0,0.01,1.0,1.0,k18,1
560,0.02,1.0,0.01,0.01,1.0,100.0,1000.0,200.0,1.0,0.01,1.0,1.0,k18,1
561,0.02,1.0,0.01,0.01,1.0,100.0,50.0,275.0,1.0,0.01,1.0,1.0,k18,1
562,0.02,1.0,0.01,0.01,1.0,100.0,10.0,275.0,1.0,0.01,1.0,1.0,k18,1
563,0.02,1.0,0.01,0.01,1.0,100.0,16.68100537200059,275.0,1.0,0.01,1.0,1.0,k18,0
564,0.02,1.0,0.01,0.01,1.0,100.0,27.825594022071243,275.0,1.0,0.01,1.0,1.0,k18,1
565,0.02,1.0,0.01,0.01,1.0,100.0,46.41588833612777,275.0,1.0,0.01,1.0,1.0,k18,1
566,0.02,1.0,0.01,0.01,1.0,100.0,77.4263682681127,275.0,1.0,0.01,1.0,1.0,k18,1
567,0.02,1.0,0.01,0.01,1.0,100.0,129.1549665014884,275.0,1.0,0.01,1.0,1.0,k18,1
568,0.02,1.0,0.01,0.01,1.0,100.0,215.44346900318823,275.0,1.0,0.01,1.0,1.0,k18,1
569,0.02,1.0,0.01,0.01,1.0,100.0,359.38136638046257,275.0,1.0,0.01,1.0,1.0,k18,1
570,0.02,1.0,0.01,0.01,1.0,100.0,599.4842503189409,275.0,1.0,0.01,1.0,1.0,k18,1
571,0.02,1.0,0.01,0.01,1.0,100.0,1000.0,275.0,1.0,0.01,1.0,1.0,k18,0
572,0.02,1.0,0.01,0.01,1.0,100.0,50.0,350.0,1.0,0.01,1.0,1.0,k18,1
573,0.02,1.0,0.01,0.01,1.0,100.0,10.0,350.0,1.0,0.01,1.0,1.0,k18,1
574,0.02,1.0,0.01,0.01,1.0,100.0,16.68100537200059,350.0,1.0,0.01,1.0,1.0,k18,1
575,0.02,1.0,0.01,0.01,1.0,100.0,27.825594022071243,350.0,1.0,0.01,1.0,1.0,k18,1
576,0.02,1.0,0.01,0.01,1.0,100.0,46.41588833612777,350.0,1.0,0.01,1.0,1.0,k18,1
577,0.02,1.0,0.01,0.01,1.0,100.0,77.4263682681127,350.0,1.0,0.01,1.0,1.0,k18,1
578,0.02,1.0,0.01,0.01,1.0,100.0,129.1549665014884,350.0,1.0,0.01,1.0,1.0,k18,1
579,0.02,1.0,0.01,0.01,1.0,100.0,215.44346900318823,350.0,1.0,0.01,1.0,1.0,k18,1
580,0.02,1.0,0.01,0.01,1.0,100.0,359.38136638046257,350.0,1.0,0.01,1.0,1.0,k18,1
581,0.02,1.0,0.01,0.01,1.0,100.0,599.4842503189409,350.0,1.0,0.01,1.0,1.0,k18,1
582,0.02,1.0,0.01,0.01,1.0,100.0,1000.0,350.0,1.0,0.01,1.0,1.0,k18,0
583,0.02,1.0,0.01,0.01,1.0,100.0,50.0,425.0,1.0,0.01,1.0,1.0,k18,3
584,0.02,1.0,0.01,0.01,1.0,100.0,10.0,425.0,1.0,0.01,1.0,1.0,k18,1
585,0.02,1.0,0.01,0.01,1.0,100.0,16.68100537200059,425.0,1.0,0.01,1.0,1.0,k18,1
586,0.02,1.0,0.01,0.01,1.0,100.0,27.825594022071243,425.0,1.0,0.01,1.0,1.0,k18,1
587,0.02,1.0,0.01,0.01,1.0,100.0,46.41588833612777,425.0,1.0,0.01,1.0,1.0,k18,0
588,0.02,1.0,0.01,0.01,1.0,100.0,77.4263682681127,425.0,1.0,0.01,1.0,1.0,k18,1
589,0.02,1.0,0.01,0.01,1.0,100.0,129.1549665014884,425.0,1.0,0.01,1.0,1.0,k18,1
590,0.02,1.0,0.01,0.01,1.0,100.0,215.44346900318823,425.0,1.0,0.01,1.0,1.0,k18,1
591,0.02,1.0,0.01,0.01,1.0,100.0,359.38136638046257,425.0,1.0,0.01,1.0,1.0,k18,1
592,0.02,1.0,0.01,0.01,1.0,100.0,599.4842503189409,425.0,1.0,0.01,1.0,1.0,k18,1
593,0.02,1.0,0.01,0.01,1.0,100.0,1000.0,425.0,1.0,0.01,1.0,1.0,k18,1
594,0.02,1.0,0.01,0.01,1.0,100.0,50.0,500.0,1.0,0.01,1.0,1.0,k18,3
595,0.02,1.0,0.01,0.01,1.0,100.0,10.0,500.0,1.0,0.01,1.0,1.0,k18,1
596,0.02,1.0,0.01,0.01,1.0,100.0,16.68100537200059,500.0,1.0,0.01,1.0,1.0,k18,1
597,0.02,1.0,0.01,0.01,1.0,100.0,27.825594022071243,500.0,1.0,0.01,1.0,1.0,k18,1
598,0.02,1.0,0.01,0.01,1.0,100.0,46.41588833612777,500.0,1.0,0.01,1.0,1.0,k18,3
599,0.02,1.0,0.01,0.01,1.0,100.0,77.4263682681127,500.0,1.0,0.01,1.0,1.0,k18,1
600,0.02,1.0,0.01,0.01,1.0,100.0,129.1549665014884,500.0,1.0,0.01,1.0,1.0,k18,1
601,0.02,1.0,0.01,0.01,1.0,100.0,215.44346900318823,500.0,1.0,0.01,1.0,1.0,k18,1
602,0.02,1.0,0.01,0.01,1.0,100.0,359.38136638046257,500.0,1.0,0.01,1.0,1.0,k18,1
603,0.02,1.0,0.01,0.01,1.0,100.0,599.4842503189409,500.0,1.0,0.01,1.0,1.0,k18,1
604,0.02,1.0,0.01,0.01,1.0,100.0,1000.0,500.0,1.0,0.01,1.0,1.0,k18,1
