Rank,POOL score,,Residue Number
1,0.006644736509770,LYS:A,128
2,0.006489000283182,CYS:A,162
3,0.002925720065832,ARG:A,181
4,0.001982232090086,ASP:A,130
5,0.001816920121200,ASP:A,214
6,0.001790964044631,ASP:A,216
7,0.000935935066082,TYR:A,126
8,0.000719712057617,ASP:A,185
9,0.000527670083102,GLU:A,219
10,0.000514080049470,TYR:A,93
11,0.000299880019156,ASP:A,51
12,0.000054432006436,MET:A,217
13,0.000044100001105,ASP:A,95
14,0.000026520001484,ASP:A,52
15,0.000026325000363,GLU:A,163
16,0.000023760001568,SER:A,160
17,0.000021600000764,LEU:A,245
18,0.000015487999917,TYR:A,129
19,0.000013200000467,CYS:A,101
20,0.000013104000573,LEU:A,161
21,0.000006480000593,ILE:A,186
22,0.000005760000022,PRO:A,243
23,0.000005490000603,TYR:A,143
24,0.000005399999736,TRP:A,164
25,0.000004704000276,CYS:A,248
26,0.000004608000381,ASP:A,188
27,0.000004319999789,LEU:A,218
28,0.000004319999789,CYS:A,132
29,0.000003959999958,ASN:A,14
30,0.000003690000312,HIS:A,233
31,0.000003149999884,TRP:A,16
32,0.000003080000170,TYR:A,47
33,0.000002640000048,PRO:A,215
34,0.000002429999768,SER:A,179
35,0.000002429999768,GLY:A,184
36,0.000001944000132,ALA:A,187
37,0.000001800000177,ASN:A,17
38,0.000001200000042,SER:A,94
39,0.000001200000042,LEU:A,244
40,0.000001200000042,ASN:A,131
41,0.000000890999900,VAL:A,220
42,0.000000720000003,THR:A,100
43,0.000000486000033,TRP:A,180
44,0.000000485999919,SER:A,102
45,0.000000448000065,ARG:A,142
46,0.000000441000026,LYS:A,89
47,0.000000400000005,GLY:A,221
48,0.000000400000005,GLN:A,10
49,0.000000360000001,THR:A,183
50,0.000000352000029,GLY:A,247
51,0.000000324000013,PHE:A,158
52,0.000000288000024,ALA:A,96
53,0.000000275000019,TYR:A,20
54,0.000000270000015,THR:A,182
55,0.000000270000015,PHE:A,159
56,0.000000270000015,LEU:A,127
57,0.000000270000015,ASN:A,222
58,0.000000270000015,ASN:A,213
59,0.000000264000022,ASN:A,49
60,0.000000189000019,HIS:A,18
61,0.000000176000015,GLU:A,229
62,0.000000168000014,CYS:A,53
63,0.000000161999992,ILE:A,92
64,0.000000160000013,THR:A,257
65,0.000000144000012,TRP:A,237
66,0.000000144000012,ILE:A,50
67,0.000000144000012,ALA:A,242
68,0.000000140000012,TYR:A,45
69,0.000000134999993,ASP:A,125
70,0.000000110000009,GLN:A,46
71,0.000000108000016,PRO:A,9
72,0.000000108000002,GLY:A,223
73,0.000000099000005,TYR:A,230
74,0.000000090000000,TRP:A,212
75,0.000000090000000,GLY:A,97
76,0.000000090000000,GLY:A,165
77,0.000000090000000,GLY:A,107
78,0.000000080000007,PHE:A,234
79,0.000000080000007,GLU:A,112
80,0.000000066000005,LYS:A,241
81,0.000000066000005,ASP:A,249
82,0.000000064000012,GLY:A,91
83,0.000000059999998,SER:A,15
84,0.000000059999998,ILE:A,246
85,0.000000056000008,CYS:A,354
86,0.000000054000008,MET:A,11
87,0.000000053999997,GLN:A,99
88,0.000000050000001,SER:A,192
89,0.000000048000004,VAL:A,139
90,0.000000044000004,CYS:A,21
91,0.000000040000003,SER:A,254
92,0.000000040000003,MET:A,193
93,0.000000040000003,ASP:A,115
94,0.000000033000003,LYS:A,104
95,0.000000032000006,PRO:A,169
96,0.000000032000006,GLY:A,177
97,0.000000029999999,GLU:A,227
98,0.000000027000004,GLY:A,6
99,0.000000024000002,SER:A,108
100,0.000000024000002,ASN:A,178
101,0.000000024000002,ALA:A,173
102,0.000000022000002,ARG:A,7
103,0.000000022000002,ALA:A,55
104,0.000000021000002,LEU:A,5
105,0.000000020000002,TRP:A,54
106,0.000000020000002,SER:A,98
107,0.000000020000002,GLY:A,224
108,0.000000020000002,ASN:A,189
109,0.000000020000002,ASN:A,133
110,0.000000018000001,LYS:A,166
111,0.000000018000001,GLU:A,141
112,0.000000018000001,ASP:A,134
113,0.000000018000001,ARG:A,59
114,0.000000016000003,PRO:A,106
115,0.000000016000003,GLU:A,288
116,0.000000016000003,ASP:A,198
117,0.000000016000003,ASN:A,103
118,0.000000014999999,GLU:A,199
119,0.000000014999999,ARG:A,145
120,0.000000014999999,ARG:A,137
121,0.000000012000001,TRP:A,190
122,0.000000012000001,TRP:A,13
123,0.000000012000001,SER:A,235
124,0.000000012000001,SER:A,232
125,0.000000012000001,MET:A,146
126,0.000000012000001,ILE:A,157
127,0.000000012000001,ARG:A,196
128,0.000000012000001,ALA:A,238
129,0.000000011000001,MET:A,253
130,0.000000010000001,HIS:A,352
131,0.000000010000001,ARG:A,231
132,0.000000010000001,ALA:A,170
133,0.000000009000001,GLU:A,167
134,0.000000009000001,ASP:A,110
135,0.000000008000002,VAL:A,48
136,0.000000008000002,VAL:A,124
137,0.000000008000002,THR:A,194
138,0.000000008000002,SER:A,226
139,0.000000008000002,PHE:A,19
140,0.000000008000002,PHE:A,119
141,0.000000008000002,MET:A,225
142,0.000000008000002,LEU:A,90
143,0.000000008000002,LEU:A,261
144,0.000000008000002,ILE:A,236
145,0.000000008000002,ILE:A,23
146,0.000000008000002,HIS:A,84
147,0.000000008000002,GLY:A,22
148,0.000000008000002,GLY:A,211
149,0.000000008000002,GLY:A,191
150,0.000000008000002,ALA:A,240
151,0.000000008000002,ALA:A,197
152,0.000000006000000,THR:A,144
153,0.000000006000000,PHE:A,1
154,0.000000006000000,LYS:A,42
155,0.000000006000000,LYS:A,258
156,0.000000006000000,LYS:A,155
157,0.000000006000000,GLU:A,30
158,0.000000006000000,GLU:A,25
159,0.000000006000000,ASP:A,353
160,0.000000005000000,LYS:A,355
161,0.000000005000000,ILE:A,260
162,0.000000005000000,HIS:A,111
163,0.000000005000000,GLY:A,44
164,0.000000005000000,GLU:A,113
165,0.000000005000000,ASN:A,156
166,0.000000005000000,ARG:A,306
167,0.000000004000001,TYR:A,153
168,0.000000004000001,SER:A,195
169,0.000000004000001,SER:A,147
170,0.000000004000001,MET:A,150
171,0.000000004000001,MET:A,105
172,0.000000004000001,LYS:A,86
173,0.000000004000001,LEU:A,239
174,0.000000004000001,LEU:A,109
175,0.000000004000001,GLY:A,12
176,0.000000004000001,ASN:A,24
177,0.000000004000001,ASN:A,200
178,0.000000004000001,ASN:A,168
179,0.000000004000001,ARG:A,251
180,0.000000003000000,TYR:A,82
181,0.000000003000000,TYR:A,206
182,0.000000003000000,LYS:A,280
183,0.000000003000000,GLU:A,265
184,0.000000003000000,ASP:A,201
185,0.000000003000000,ARG:A,175
186,0.000000002000000,VAL:A,250
187,0.000000002000000,TYR:A,57
188,0.000000002000000,TRP:A,304
189,0.000000002000000,TRP:A,203
190,0.000000002000000,PRO:A,67
191,0.000000002000000,PHE:A,65
192,0.000000002000000,MET:A,176
193,0.000000002000000,MET:A,140
194,0.000000002000000,LYS:A,77
195,0.000000002000000,LYS:A,279
196,0.000000002000000,LYS:A,151
197,0.000000002000000,LYS:A,117
198,0.000000002000000,LEU:A,88
199,0.000000002000000,GLY:A,87
200,0.000000002000000,GLY:A,154
201,0.000000002000000,GLY:A,123
202,0.000000002000000,GLU:A,56
203,0.000000002000000,GLU:A,2
204,0.000000002000000,GLN:A,277
205,0.000000002000000,ASP:A,272
206,0.000000002000000,ASN:A,270
207,0.000000002000000,ARG:A,69
208,0.000000002000000,ALA:A,80
209,0.000000002000000,ALA:A,41
210,0.000000002000000,ALA:A,228
211,0.000000002000000,ALA:A,207
212,0.000000002000000,ALA:A,135
213,0.000000002000000,ALA:A,120
214,0.000000001000000,VAL:A,302
215,0.000000001000000,VAL:A,116
216,0.000000001000000,TYR:A,357
217,0.000000001000000,TRP:A,172
218,0.000000001000000,TRP:A,122
219,0.000000001000000,SER:A,138
220,0.000000001000000,HIS:A,336
221,0.000000001000000,GLY:A,174
222,0.000000001000000,GLY:A,136
223,0.000000001000000,GLN:A,114
224,0.000000001000000,ASP:A,81
225,0.000000001000000,ASP:A,60
226,0.000000001000000,ASP:A,332
227,0.000000001000000,ASP:A,33
228,0.000000001000000,ASP:A,284
229,0.000000001000000,ASN:A,148
230,0.000000001000000,ARG:A,331
231,0.000000001000000,ARG:A,298
232,0.000000001000000,ARG:A,29
233,0.000000001000000,ALA:A,204
234,0.000000001000000,ALA:A,149
235,0.000000000000000,VAL:A,83
236,0.000000000000000,VAL:A,66
237,0.000000000000000,VAL:A,36
238,0.000000000000000,VAL:A,358
239,0.000000000000000,VAL:A,349
240,0.000000000000000,VAL:A,328
241,0.000000000000000,VAL:A,326
242,0.000000000000000,VAL:A,301
243,0.000000000000000,VAL:A,289
244,0.000000000000000,VAL:A,281
245,0.000000000000000,VAL:A,276
246,0.000000000000000,VAL:A,269
247,0.000000000000000,VAL:A,266
248,0.000000000000000,TYR:A,309
249,0.000000000000000,TRP:A,334
250,0.000000000000000,TRP:A,317
251,0.000000000000000,TRP:A,290
252,0.000000000000000,THR:A,8
253,0.000000000000000,THR:A,71
254,0.000000000000000,THR:A,38
255,0.000000000000000,THR:A,360
256,0.000000000000000,THR:A,329
257,0.000000000000000,THR:A,314
258,0.000000000000000,THR:A,312
259,0.000000000000000,THR:A,31
260,0.000000000000000,THR:A,171
261,0.000000000000000,THR:A,152
262,0.000000000000000,THR:A,118
263,0.000000000000000,SER:A,74
264,0.000000000000000,SER:A,61
265,0.000000000000000,SER:A,58
266,0.000000000000000,SER:A,348
267,0.000000000000000,SER:A,346
268,0.000000000000000,SER:A,338
269,0.000000000000000,SER:A,337
270,0.000000000000000,SER:A,325
271,0.000000000000000,SER:A,318
272,0.000000000000000,SER:A,308
273,0.000000000000000,SER:A,295
274,0.000000000000000,SER:A,283
275,0.000000000000000,SER:A,273
276,0.000000000000000,SER:A,264
277,0.000000000000000,SER:A,262
278,0.000000000000000,SER:A,252
279,0.000000000000000,SER:A,121
280,0.000000000000000,PRO:A,73
281,0.000000000000000,PRO:A,361
282,0.000000000000000,PRO:A,351
283,0.000000000000000,PRO:A,293
284,0.000000000000000,PRO:A,209
285,0.000000000000000,PHE:A,72
286,0.000000000000000,PHE:A,339
287,0.000000000000000,MET:A,356
288,0.000000000000000,LYS:A,299
289,0.000000000000000,LEU:A,79
290,0.000000000000000,LEU:A,43
291,0.000000000000000,LEU:A,40
292,0.000000000000000,LEU:A,359
293,0.000000000000000,LEU:A,35
294,0.000000000000000,LEU:A,333
295,0.000000000000000,LEU:A,322
296,0.000000000000000,LEU:A,303
297,0.000000000000000,LEU:A,294
298,0.000000000000000,LEU:A,287
299,0.000000000000000,LEU:A,274
300,0.000000000000000,ILE:A,76
301,0.000000000000000,ILE:A,345
302,0.000000000000000,ILE:A,320
303,0.000000000000000,ILE:A,313
304,0.000000000000000,ILE:A,28
305,0.000000000000000,ILE:A,27
306,0.000000000000000,ILE:A,267
307,0.000000000000000,HIS:A,316
308,0.000000000000000,GLY:A,75
309,0.000000000000000,GLY:A,63
310,0.000000000000000,GLY:A,4
311,0.000000000000000,GLY:A,39
312,0.000000000000000,GLY:A,343
313,0.000000000000000,GLY:A,324
314,0.000000000000000,GLY:A,321
315,0.000000000000000,GLY:A,292
316,0.000000000000000,GLY:A,286
317,0.000000000000000,GLY:A,278
318,0.000000000000000,GLY:A,275
319,0.000000000000000,GLY:A,210
320,0.000000000000000,GLY:A,208
321,0.000000000000000,GLN:A,70
322,0.000000000000000,GLN:A,62
323,0.000000000000000,GLN:A,344
324,0.000000000000000,GLN:A,342
325,0.000000000000000,GLN:A,310
326,0.000000000000000,GLN:A,307
327,0.000000000000000,GLN:A,282
328,0.000000000000000,GLN:A,271
329,0.000000000000000,GLN:A,26
330,0.000000000000000,GLN:A,256
331,0.000000000000000,GLN:A,255
332,0.000000000000000,GLN:A,202
333,0.000000000000000,ASN:A,68
334,0.000000000000000,ASN:A,64
335,0.000000000000000,ASN:A,37
336,0.000000000000000,ASN:A,362
337,0.000000000000000,ASN:A,319
338,0.000000000000000,ASN:A,305
339,0.000000000000000,ASN:A,3
340,0.000000000000000,ASN:A,297
341,0.000000000000000,ASN:A,296
342,0.000000000000000,ASN:A,285
343,0.000000000000000,ASN:A,263
344,0.000000000000000,ASN:A,259
345,0.000000000000000,ALA:A,85
346,0.000000000000000,ALA:A,78
347,0.000000000000000,ALA:A,350
348,0.000000000000000,ALA:A,347
349,0.000000000000000,ALA:A,341
350,0.000000000000000,ALA:A,340
351,0.000000000000000,ALA:A,34
352,0.000000000000000,ALA:A,335
353,0.000000000000000,ALA:A,330
354,0.000000000000000,ALA:A,327
355,0.000000000000000,ALA:A,323
356,0.000000000000000,ALA:A,32
357,0.000000000000000,ALA:A,315
358,0.000000000000000,ALA:A,311
359,0.000000000000000,ALA:A,300
360,0.000000000000000,ALA:A,291
361,0.000000000000000,ALA:A,268
362,0.000000000000000,ALA:A,205