Rank,POOL_Score,Residue_Type,Residue_Number
1,0.005716872401536,LYS:A,241
2,0.002259999979287,CYS:A,277
3,0.002089800080284,ARG:A,297
4,0.001983780181035,ASP:A,342
5,0.001477116020396,ASP:A,340
6,0.001268136082217,ASP:A,243
7,0.001045044045895,LYS:A,203
8,0.000948639935814,ASP:A,165
9,0.000542429974303,TYR:A,161
10,0.000102815996797,TYR:A,207
11,0.000080920006440,ASP:A,301
12,0.000058916004491,ASP:A,209
13,0.000036414003262,TYR:A,159
14,0.000034034004784,TYR:A,258
15,0.000034034004784,HIS:A,370
16,0.000022989999707,TYR:A,55
17,0.000022050000553,TYR:A,274
18,0.000021600000764,ASN:A,128
19,0.000018928001737,CYS:A,375
20,0.000015660001736,TYR:A,242
21,0.000011726001503,CYS:A,491
22,0.000011589999303,ASP:A,166
23,0.000009680000403,ASP:A,238
24,0.000009600000340,PRO:A,124
25,0.000009600000340,LEU:A,382
26,0.000009072000466,SER:A,275
27,0.000009072000466,SER:A,160
28,0.000007920000826,LYS:A,368
29,0.000006864000625,GLU:A,278
30,0.000006864000170,ARG:A,155
31,0.000006480000593,MET:A,125
32,0.000005039999905,MET:A,343
33,0.000005039999905,ASN:A,163
34,0.000003080000170,ASP:A,402
35,0.000002880000011,PRO:A,123
36,0.000002352000138,ASP:A,400
37,0.000002268000117,PHE:A,54
38,0.000002160000122,PRO:A,380
39,0.000002016000053,TYR:A,244
40,0.000001760000146,VAL:A,273
41,0.000001484999984,LEU:A,295
42,0.000001316000066,HIS:A,294
43,0.000001200000042,CYS:A,215
44,0.000001133999945,TRP:A,130
45,0.000001088000204,CYS:A,440
46,0.000000900000089,GLY:A,158
47,0.000000864000128,TRP:A,374
48,0.000000864000128,PRO:A,341
49,0.000000864000128,LEU:A,381
50,0.000000720000003,ILE:A,164
51,0.000000702000023,VAL:A,276
52,0.000000647999968,LEU:A,239
53,0.000000640000053,TRP:A,127
54,0.000000616000023,TYR:A,47
55,0.000000550000038,ARG:A,282
56,0.000000540000030,LEU:A,120
57,0.000000512000099,LYS:A,492
58,0.000000504000070,ILE:A,53
59,0.000000504000070,ALA:A,405
60,0.000000480000040,SER:A,379
61,0.000000480000040,SER:A,208
62,0.000000480000040,CYS:A,245
63,0.000000480000040,ASN:A,339
64,0.000000405000009,ASP:A,409
65,0.000000378000010,LYS:A,396
66,0.000000374999985,TRP:A,279
67,0.000000360000058,THR:A,122
68,0.000000360000058,ARG:A,435
69,0.000000360000001,LEU:A,204
70,0.000000360000001,GLY:A,126
71,0.000000330000006,ASP:A,433
72,0.000000329999978,PHE:A,202
73,0.000000288000024,ILE:A,162
74,0.000000270000015,TRP:A,296
75,0.000000270000015,SER:A,372
76,0.000000270000015,PHE:A,371
77,0.000000270000015,LEU:A,373
78,0.000000270000015,LEU:A,240
79,0.000000270000015,ILE:A,206
80,0.000000270000015,GLY:A,205
81,0.000000269999987,TYR:A,466
82,0.000000269999987,HIS:A,471
83,0.000000256000050,LYS:A,429
84,0.000000256000050,LEU:A,344
85,0.000000238000027,ARG:A,257
86,0.000000234000012,HIS:A,317
87,0.000000234000012,ARG:A,62
88,0.000000224999980,SER:A,129
89,0.000000224999980,ILE:A,302
90,0.000000224000033,GLU:A,225
91,0.000000220000018,PRO:A,401
92,0.000000220000018,ILE:A,404
93,0.000000220000018,HIS:A,42
94,0.000000198000009,ARG:A,270
95,0.000000180000029,SER:A,271
96,0.000000165000003,PRO:A,51
97,0.000000164999989,GLU:A,118
98,0.000000161999992,VAL:A,298
99,0.000000161999992,SER:A,299
100,0.000000161999992,MET:A,376
101,0.000000161999992,ALA:A,210
102,0.000000160000013,SER:A,383
103,0.000000160000013,PHE:A,52
104,0.000000160000013,GLY:A,201
105,0.000000160000013,GLN:A,408
106,0.000000144000012,GLY:A,300
107,0.000000144000012,GLY:A,216
108,0.000000144000012,ASN:A,407
109,0.000000144000012,ALA:A,378
110,0.000000134999993,ASN:A,131
111,0.000000132000011,LEU:A,403
112,0.000000128000025,ASP:A,228
113,0.000000112000016,TYR:A,494
114,0.000000110000009,ILE:A,272
115,0.000000108000016,LEU:A,399
116,0.000000108000016,ILE:A,406
117,0.000000108000002,LYS:A,109
118,0.000000107999995,TRP:A,338
119,0.000000107999995,THR:A,214
120,0.000000090000015,SER:A,40
121,0.000000090000015,ASN:A,46
122,0.000000090000000,ASN:A,246
123,0.000000080000007,LEU:A,119
124,0.000000080000007,ASP:A,304
125,0.000000074999996,HIS:A,198
126,0.000000072000006,MET:A,377
127,0.000000064000012,SER:A,369
128,0.000000064000012,GLY:A,280
129,0.000000059999998,ASP:A,156
130,0.000000056000008,CYS:A,362
131,0.000000056000008,ASP:A,231
132,0.000000054000008,PRO:A,57
133,0.000000054000008,ILE:A,495
134,0.000000053999997,TYR:A,367
135,0.000000053999997,GLU:A,365
136,0.000000050000001,VAL:A,237
137,0.000000048000004,ALA:A,439
138,0.000000044000004,LEU:A,157
139,0.000000044000004,ILE:A,56
140,0.000000042000007,CYS:A,467
141,0.000000040000003,PHE:A,167
142,0.000000040000003,GLN:A,490
143,0.000000040000003,ARG:A,443
144,0.000000036000003,GLY:A,384
145,0.000000036000003,GLY:A,293
146,0.000000029999999,ILE:A,322
147,0.000000029999999,GLU:A,199
148,0.000000029999999,ARG:A,37
149,0.000000029999999,ARG:A,266
150,0.000000029999999,ARG:A,200
151,0.000000029999999,ALA:A,247
152,0.000000026999999,LYS:A,289
153,0.000000021000002,ASN:A,39
154,0.000000020000002,PHE:A,441
155,0.000000018000001,TYR:A,196
156,0.000000018000001,LYS:A,485
157,0.000000018000001,LYS:A,30
158,0.000000018000001,GLU:A,253
159,0.000000018000001,ASP:A,469
160,0.000000018000001,ASP:A,117
161,0.000000018000001,ARG:A,413
162,0.000000016000003,GLY:A,134
163,0.000000014999999,LYS:A,260
164,0.000000014999999,HIS:A,178
165,0.000000014999999,GLU:A,226
166,0.000000014999999,GLU:A,212
167,0.000000014999999,CYS:A,219
168,0.000000014999999,ASP:A,425
169,0.000000014999999,ASN:A,326
170,0.000000012000001,VAL:A,493
171,0.000000012000001,VAL:A,438
172,0.000000012000001,MET:A,154
173,0.000000012000001,LEU:A,398
174,0.000000012000001,GLY:A,337
175,0.000000012000001,GLY:A,292
176,0.000000012000001,GLY:A,220
177,0.000000012000001,ASP:A,195
178,0.000000012000001,ALA:A,211
179,0.000000011000001,THR:A,50
180,0.000000011000001,LEU:A,468
181,0.000000010000001,MET:A,261
182,0.000000010000001,LYS:A,436
183,0.000000010000001,LYS:A,213
184,0.000000010000001,ILE:A,397
185,0.000000010000001,GLU:A,140
186,0.000000010000001,ALA:A,288
187,0.000000009000001,GLU:A,139
188,0.000000009000001,ARG:A,263
189,0.000000008000002,VAL:A,346
190,0.000000008000002,VAL:A,345
191,0.000000008000002,VAL:A,218
192,0.000000008000002,TRP:A,168
193,0.000000008000002,MET:A,149
194,0.000000008000002,LEU:A,486
195,0.000000008000002,ILE:A,83
196,0.000000008000002,GLY:A,217
197,0.000000008000002,GLN:A,169
198,0.000000008000002,ALA:A,437
199,0.000000006000000,VAL:A,291
200,0.000000006000000,SER:A,221
201,0.000000006000000,PRO:A,284
202,0.000000006000000,GLY:A,262
203,0.000000006000000,ALA:A,259
204,0.000000006000000,ALA:A,254
205,0.000000005000000,GLU:A,416
206,0.000000005000000,GLU:A,360
207,0.000000005000000,GLU:A,283
208,0.000000005000000,GLU:A,256
209,0.000000005000000,ARG:A,417
210,0.000000004000001,VAL:A,484
211,0.000000004000001,VAL:A,450
212,0.000000004000001,VAL:A,428
213,0.000000004000001,TRP:A,427
214,0.000000004000001,SER:A,336
215,0.000000004000001,PRO:A,430
216,0.000000004000001,PHE:A,232
217,0.000000004000001,PHE:A,133
218,0.000000004000001,LEU:A,323
219,0.000000004000001,LEU:A,316
220,0.000000004000001,LEU:A,265
221,0.000000004000001,ILE:A,426
222,0.000000004000001,ILE:A,325
223,0.000000004000001,ILE:A,319
224,0.000000004000001,ILE:A,150
225,0.000000004000001,GLY:A,303
226,0.000000004000001,GLU:A,33
227,0.000000004000001,GLN:A,414
228,0.000000004000001,GLN:A,364
229,0.000000004000001,GLN:A,135
230,0.000000004000001,ASN:A,442
231,0.000000004000001,ALA:A,487
232,0.000000004000001,ALA:A,415
233,0.000000003000000,TYR:A,424
234,0.000000003000000,TYR:A,224
235,0.000000003000000,TYR:A,222
236,0.000000003000000,LYS:A,230
237,0.000000003000000,HIS:A,136
238,0.000000003000000,GLU:A,324
239,0.000000003000000,GLN:A,281
240,0.000000003000000,ASP:A,349
241,0.000000003000000,ASP:A,250
242,0.000000003000000,ASP:A,182
243,0.000000003000000,ASP:A,147
244,0.000000003000000,ARG:A,420
245,0.000000003000000,ARG:A,251
246,0.000000003000000,ARG:A,173
247,0.000000002000000,VAL:A,27
248,0.000000002000000,VAL:A,142
249,0.000000002000000,TYR:A,94
250,0.000000002000000,TRP:A,285
251,0.000000002000000,TRP:A,235
252,0.000000002000000,THR:A,449
253,0.000000002000000,THR:A,394
254,0.000000002000000,THR:A,363
255,0.000000002000000,THR:A,268
256,0.000000002000000,THR:A,227
257,0.000000002000000,THR:A,151
258,0.000000002000000,THR:A,145
259,0.000000002000000,SER:A,49
260,0.000000002000000,SER:A,234
261,0.000000002000000,PRO:A,48
262,0.000000002000000,PRO:A,447
263,0.000000002000000,MET:A,255
264,0.000000002000000,LYS:A,474
265,0.000000002000000,LYS:A,35
266,0.000000002000000,LYS:A,286
267,0.000000002000000,LYS:A,191
268,0.000000002000000,LYS:A,185
269,0.000000002000000,LEU:A,197
270,0.000000002000000,LEU:A,137
271,0.000000002000000,GLY:A,412
272,0.000000002000000,GLY:A,334
273,0.000000002000000,GLY:A,236
274,0.000000002000000,GLY:A,153
275,0.000000002000000,GLU:A,76
276,0.000000002000000,GLU:A,331
277,0.000000002000000,GLU:A,172
278,0.000000002000000,GLN:A,448
279,0.000000002000000,GLN:A,366
280,0.000000002000000,ASP:A,500
281,0.000000002000000,ASP:A,392
282,0.000000002000000,ASN:A,269
283,0.000000002000000,ASN:A,152
284,0.000000002000000,ARG:A,114
285,0.000000002000000,ALA:A,233
286,0.000000002000000,ALA:A,229
287,0.000000002000000,ALA:A,194
288,0.000000002000000,ALA:A,146
289,0.000000001000000,VAL:A,252
290,0.000000001000000,VAL:A,249
291,0.000000001000000,TYR:A,332
292,0.000000001000000,TYR:A,192
293,0.000000001000000,TRP:A,306
294,0.000000001000000,TRP:A,287
295,0.000000001000000,SER:A,418
296,0.000000001000000,PRO:A,63
297,0.000000001000000,PRO:A,488
298,0.000000001000000,PRO:A,248
299,0.000000001000000,LYS:A,99
300,0.000000001000000,LYS:A,91
301,0.000000001000000,LYS:A,80
302,0.000000001000000,LYS:A,70
303,0.000000001000000,LYS:A,183
304,0.000000001000000,LEU:A,329
305,0.000000001000000,LEU:A,320
306,0.000000001000000,LEU:A,179
307,0.000000001000000,ILE:A,483
308,0.000000001000000,ILE:A,457
309,0.000000001000000,ILE:A,305
310,0.000000001000000,GLY:A,347
311,0.000000001000000,GLY:A,318
312,0.000000001000000,GLY:A,223
313,0.000000001000000,GLU:A,73
314,0.000000001000000,GLU:A,69
315,0.000000001000000,GLU:A,463
316,0.000000001000000,GLU:A,454
317,0.000000001000000,GLU:A,101
318,0.000000001000000,GLN:A,290
319,0.000000001000000,ASP:A,93
320,0.000000001000000,ASP:A,78
321,0.000000001000000,ASP:A,459
322,0.000000001000000,ASP:A,386
323,0.000000001000000,ASP:A,309
324,0.000000001000000,ASP:A,176
325,0.000000001000000,ASN:A,321
326,0.000000001000000,ARG:A,388
327,0.000000001000000,ARG:A,308
328,0.000000001000000,ARG:A,188
329,0.000000001000000,ALA:A,444
330,0.000000001000000,ALA:A,333
331,0.000000001000000,ALA:A,327
332,0.000000001000000,ALA:A,264
333,0.000000000000000,VAL:A,96
334,0.000000000000000,VAL:A,87
335,0.000000000000000,VAL:A,410
336,0.000000000000000,VAL:A,387
337,0.000000000000000,VAL:A,313
338,0.000000000000000,VAL:A,31
339,0.000000000000000,VAL:A,28
340,0.000000000000000,VAL:A,193
341,0.000000000000000,VAL:A,112
342,0.000000000000000,VAL:A,108
343,0.000000000000000,VAL:A,106
344,0.000000000000000,TYR:A,489
345,0.000000000000000,TYR:A,307
346,0.000000000000000,TRP:A,66
347,0.000000000000000,THR:A,97
348,0.000000000000000,THR:A,95
349,0.000000000000000,THR:A,89
350,0.000000000000000,THR:A,81
351,0.000000000000000,THR:A,58
352,0.000000000000000,THR:A,499
353,0.000000000000000,THR:A,473
354,0.000000000000000,THR:A,456
355,0.000000000000000,THR:A,184
356,0.000000000000000,THR:A,138
357,0.000000000000000,THR:A,132
358,0.000000000000000,SER:A,90
359,0.000000000000000,SER:A,85
360,0.000000000000000,SER:A,79
361,0.000000000000000,SER:A,67
362,0.000000000000000,SER:A,59
363,0.000000000000000,SER:A,479
364,0.000000000000000,SER:A,477
365,0.000000000000000,SER:A,475
366,0.000000000000000,SER:A,461
367,0.000000000000000,SER:A,446
368,0.000000000000000,SER:A,445
369,0.000000000000000,SER:A,421
370,0.000000000000000,SER:A,393
371,0.000000000000000,SER:A,352
372,0.000000000000000,SER:A,330
373,0.000000000000000,SER:A,107
374,0.000000000000000,PRO:A,72
375,0.000000000000000,PRO:A,41
376,0.000000000000000,PRO:A,36
377,0.000000000000000,PRO:A,335
378,0.000000000000000,PRO:A,328
379,0.000000000000000,PRO:A,187
380,0.000000000000000,PRO:A,171
381,0.000000000000000,PHE:A,496
382,0.000000000000000,PHE:A,462
383,0.000000000000000,PHE:A,32
384,0.000000000000000,PHE:A,186
385,0.000000000000000,MET:A,88
386,0.000000000000000,MET:A,64
387,0.000000000000000,MET:A,390
388,0.000000000000000,MET:A,353
389,0.000000000000000,LYS:A,498
390,0.000000000000000,LYS:A,480
391,0.000000000000000,LYS:A,351
392,0.000000000000000,LEU:A,98
393,0.000000000000000,LEU:A,77
394,0.000000000000000,LEU:A,75
395,0.000000000000000,LEU:A,71
396,0.000000000000000,LEU:A,482
397,0.000000000000000,LEU:A,472
398,0.000000000000000,LEU:A,460
399,0.000000000000000,LEU:A,452
400,0.000000000000000,LEU:A,431
401,0.000000000000000,LEU:A,411
402,0.000000000000000,LEU:A,395
403,0.000000000000000,LEU:A,29
404,0.000000000000000,LEU:A,170
405,0.000000000000000,LEU:A,143
406,0.000000000000000,LEU:A,141
407,0.000000000000000,LEU:A,121
408,0.000000000000000,LEU:A,111
409,0.000000000000000,LEU:A,104
410,0.000000000000000,ILE:A,84
411,0.000000000000000,ILE:A,465
412,0.000000000000000,ILE:A,451
413,0.000000000000000,ILE:A,44
414,0.000000000000000,ILE:A,43
415,0.000000000000000,ILE:A,419
416,0.000000000000000,ILE:A,38
417,0.000000000000000,ILE:A,348
418,0.000000000000000,ILE:A,190
419,0.000000000000000,ILE:A,181
420,0.000000000000000,ILE:A,115
421,0.000000000000000,ILE:A,113
422,0.000000000000000,HIS:A,423
423,0.000000000000000,GLY:A,92
424,0.000000000000000,GLY:A,86
425,0.000000000000000,GLY:A,82
426,0.000000000000000,GLY:A,74
427,0.000000000000000,GLY:A,60
428,0.000000000000000,GLY:A,497
429,0.000000000000000,GLY:A,476
430,0.000000000000000,GLY:A,45
431,0.000000000000000,GLY:A,434
432,0.000000000000000,GLY:A,361
433,0.000000000000000,GLY:A,350
434,0.000000000000000,GLY:A,34
435,0.000000000000000,GLY:A,315
436,0.000000000000000,GLY:A,314
437,0.000000000000000,GLY:A,310
438,0.000000000000000,GLY:A,189
439,0.000000000000000,GLY:A,177
440,0.000000000000000,GLY:A,174
441,0.000000000000000,GLY:A,116
442,0.000000000000000,GLY:A,105
443,0.000000000000000,GLU:A,481
444,0.000000000000000,GLN:A,65
445,0.000000000000000,GLN:A,61
446,0.000000000000000,GLN:A,464
447,0.000000000000000,GLN:A,180
448,0.000000000000000,GLN:A,144
449,0.000000000000000,GLN:A,110
450,0.000000000000000,ASP:A,478
451,0.000000000000000,ASP:A,422
452,0.000000000000000,ASN:A,470
453,0.000000000000000,ASN:A,455
454,0.000000000000000,ASN:A,453
455,0.000000000000000,ASN:A,391
456,0.000000000000000,ASN:A,389
457,0.000000000000000,ASN:A,385
458,0.000000000000000,ASN:A,311
459,0.000000000000000,ASN:A,102
460,0.000000000000000,ARG:A,312
461,0.000000000000000,ALA:A,68
462,0.000000000000000,ALA:A,458
463,0.000000000000000,ALA:A,432
464,0.000000000000000,ALA:A,267
465,0.000000000000000,ALA:A,175
466,0.000000000000000,ALA:A,148
467,0.000000000000000,ALA:A,103
468,0.000000000000000,ALA:A,100